--------------------------------------------------------
--  File created - Thursday-December-29-2022   
--------------------------------------------------------
--------------------------------------------------------
--  DDL for Sequence DEPARTMENTS_SEQ
--------------------------------------------------------

   CREATE SEQUENCE  "SEBASTIANFILIPVIRTOPEANU"."DEPARTMENTS_SEQ"  MINVALUE 1 MAXVALUE 9990 INCREMENT BY 10 START WITH 280 NOCACHE  NOORDER  NOCYCLE ;
--------------------------------------------------------
--  DDL for Sequence EMPLOYEES_SEQ
--------------------------------------------------------

   CREATE SEQUENCE  "SEBASTIANFILIPVIRTOPEANU"."EMPLOYEES_SEQ"  MINVALUE 1 MAXVALUE 999999999999999999999999999 INCREMENT BY 1 START WITH 207 NOCACHE  NOORDER  NOCYCLE ;
--------------------------------------------------------
--  DDL for Sequence LOCATIONS_SEQ
--------------------------------------------------------

   CREATE SEQUENCE  "SEBASTIANFILIPVIRTOPEANU"."LOCATIONS_SEQ"  MINVALUE 1 MAXVALUE 9900 INCREMENT BY 100 START WITH 3300 NOCACHE  NOORDER  NOCYCLE ;
--------------------------------------------------------
--  DDL for Table COUNTRIES
--------------------------------------------------------

  CREATE TABLE "SEBASTIANFILIPVIRTOPEANU"."COUNTRIES" 
   (	"COUNTRY_ID" CHAR(2 BYTE), 
	"COUNTRY_NAME" VARCHAR2(40 BYTE), 
	"REGION_ID" NUMBER, 
	 CONSTRAINT "COUNTRY_C_ID_PK" PRIMARY KEY ("COUNTRY_ID") ENABLE
   ) ORGANIZATION INDEX NOCOMPRESS PCTFREE 10 INITRANS 2 MAXTRANS 255 LOGGING
  STORAGE(INITIAL 65536 NEXT 1048576 MINEXTENTS 1 MAXEXTENTS 2147483645
  PCTINCREASE 0 FREELISTS 1 FREELIST GROUPS 1 BUFFER_POOL DEFAULT)
  TABLESPACE "USERS" 
 PCTTHRESHOLD 50;
--------------------------------------------------------
--  DDL for Table DEPARTMENTS
--------------------------------------------------------

  CREATE TABLE "SEBASTIANFILIPVIRTOPEANU"."DEPARTMENTS" 
   (	"DEPARTMENT_ID" NUMBER(4,0), 
	"DEPARTMENT_NAME" VARCHAR2(30 BYTE), 
	"MANAGER_ID" NUMBER(6,0), 
	"LOCATION_ID" NUMBER(4,0)
   ) PCTFREE 10 PCTUSED 40 INITRANS 1 MAXTRANS 255 NOCOMPRESS LOGGING
  STORAGE(INITIAL 65536 NEXT 1048576 MINEXTENTS 1 MAXEXTENTS 2147483645
  PCTINCREASE 0 FREELISTS 1 FREELIST GROUPS 1 BUFFER_POOL DEFAULT)
  TABLESPACE "USERS" ;
--------------------------------------------------------
--  DDL for Table DEPT_SVI
--------------------------------------------------------

  CREATE TABLE "SEBASTIANFILIPVIRTOPEANU"."DEPT_SVI" 
   (	"DEPARTMENT_ID" NUMBER(4,0), 
	"DEPARTMENT_NAME" VARCHAR2(30 BYTE), 
	"MANAGER_ID" NUMBER(6,0), 
	"LOCATION_ID" NUMBER(4,0)
   ) PCTFREE 10 PCTUSED 40 INITRANS 1 MAXTRANS 255 NOCOMPRESS LOGGING
  STORAGE(INITIAL 65536 NEXT 1048576 MINEXTENTS 1 MAXEXTENTS 2147483645
  PCTINCREASE 0 FREELISTS 1 FREELIST GROUPS 1 BUFFER_POOL DEFAULT)
  TABLESPACE "USERS" ;
--------------------------------------------------------
--  DDL for Table EMPLOYEES
--------------------------------------------------------

  CREATE TABLE "SEBASTIANFILIPVIRTOPEANU"."EMPLOYEES" 
   (	"EMPLOYEE_ID" NUMBER(6,0), 
	"FIRST_NAME" VARCHAR2(20 BYTE), 
	"LAST_NAME" VARCHAR2(25 BYTE), 
	"EMAIL" VARCHAR2(25 BYTE), 
	"PHONE_NUMBER" VARCHAR2(20 BYTE), 
	"HIRE_DATE" DATE, 
	"JOB_ID" VARCHAR2(10 BYTE), 
	"SALARY" NUMBER(8,2), 
	"COMMISSION_PCT" NUMBER(2,2), 
	"MANAGER_ID" NUMBER(6,0), 
	"DEPARTMENT_ID" NUMBER(4,0)
   ) PCTFREE 10 PCTUSED 40 INITRANS 1 MAXTRANS 255 NOCOMPRESS LOGGING
  STORAGE(INITIAL 65536 NEXT 1048576 MINEXTENTS 1 MAXEXTENTS 2147483645
  PCTINCREASE 0 FREELISTS 1 FREELIST GROUPS 1 BUFFER_POOL DEFAULT)
  TABLESPACE "USERS" ;
--------------------------------------------------------
--  DDL for Table EMP_SVI
--------------------------------------------------------

  CREATE TABLE "SEBASTIANFILIPVIRTOPEANU"."EMP_SVI" 
   (	"EMPLOYEE_ID" NUMBER(6,0), 
	"FIRST_NAME" VARCHAR2(20 BYTE), 
	"LAST_NAME" VARCHAR2(25 BYTE), 
	"EMAIL" VARCHAR2(25 BYTE), 
	"PHONE_NUMBER" VARCHAR2(20 BYTE), 
	"HIRE_DATE" DATE, 
	"JOB_ID" VARCHAR2(10 BYTE), 
	"SALARY" NUMBER(8,2), 
	"COMMISSION_PCT" NUMBER(2,2), 
	"MANAGER_ID" NUMBER(6,0), 
	"DEPARTMENT_ID" NUMBER(4,0)
   ) PCTFREE 10 PCTUSED 40 INITRANS 1 MAXTRANS 255 NOCOMPRESS LOGGING
  STORAGE(INITIAL 65536 NEXT 1048576 MINEXTENTS 1 MAXEXTENTS 2147483645
  PCTINCREASE 0 FREELISTS 1 FREELIST GROUPS 1 BUFFER_POOL DEFAULT)
  TABLESPACE "USERS" ;
--------------------------------------------------------
--  DDL for Table JOBS
--------------------------------------------------------

  CREATE TABLE "SEBASTIANFILIPVIRTOPEANU"."JOBS" 
   (	"JOB_ID" VARCHAR2(10 BYTE), 
	"JOB_TITLE" VARCHAR2(35 BYTE), 
	"MIN_SALARY" NUMBER(6,0), 
	"MAX_SALARY" NUMBER(6,0)
   ) PCTFREE 10 PCTUSED 40 INITRANS 1 MAXTRANS 255 NOCOMPRESS LOGGING
  STORAGE(INITIAL 65536 NEXT 1048576 MINEXTENTS 1 MAXEXTENTS 2147483645
  PCTINCREASE 0 FREELISTS 1 FREELIST GROUPS 1 BUFFER_POOL DEFAULT)
  TABLESPACE "USERS" ;
--------------------------------------------------------
--  DDL for Table JOB_GRADES
--------------------------------------------------------

  CREATE TABLE "SEBASTIANFILIPVIRTOPEANU"."JOB_GRADES" 
   (	"GRADE_LEVEL" VARCHAR2(3 BYTE), 
	"LOWEST_SAL" NUMBER, 
	"HIGHEST_SAL" NUMBER
   ) PCTFREE 10 PCTUSED 40 INITRANS 1 MAXTRANS 255 NOCOMPRESS LOGGING
  STORAGE(INITIAL 65536 NEXT 1048576 MINEXTENTS 1 MAXEXTENTS 2147483645
  PCTINCREASE 0 FREELISTS 1 FREELIST GROUPS 1 BUFFER_POOL DEFAULT)
  TABLESPACE "USERS" ;
--------------------------------------------------------
--  DDL for Table JOB_HISTORY
--------------------------------------------------------

  CREATE TABLE "SEBASTIANFILIPVIRTOPEANU"."JOB_HISTORY" 
   (	"EMPLOYEE_ID" NUMBER(6,0), 
	"START_DATE" DATE, 
	"END_DATE" DATE, 
	"JOB_ID" VARCHAR2(10 BYTE), 
	"DEPARTMENT_ID" NUMBER(4,0)
   ) PCTFREE 10 PCTUSED 40 INITRANS 1 MAXTRANS 255 NOCOMPRESS LOGGING
  STORAGE(INITIAL 65536 NEXT 1048576 MINEXTENTS 1 MAXEXTENTS 2147483645
  PCTINCREASE 0 FREELISTS 1 FREELIST GROUPS 1 BUFFER_POOL DEFAULT)
  TABLESPACE "USERS" ;
--------------------------------------------------------
--  DDL for Table LOCATIONS
--------------------------------------------------------

  CREATE TABLE "SEBASTIANFILIPVIRTOPEANU"."LOCATIONS" 
   (	"LOCATION_ID" NUMBER(4,0), 
	"STREET_ADDRESS" VARCHAR2(40 BYTE), 
	"POSTAL_CODE" VARCHAR2(12 BYTE), 
	"CITY" VARCHAR2(30 BYTE), 
	"STATE_PROVINCE" VARCHAR2(25 BYTE), 
	"COUNTRY_ID" CHAR(2 BYTE)
   ) PCTFREE 10 PCTUSED 40 INITRANS 1 MAXTRANS 255 NOCOMPRESS LOGGING
  STORAGE(INITIAL 65536 NEXT 1048576 MINEXTENTS 1 MAXEXTENTS 2147483645
  PCTINCREASE 0 FREELISTS 1 FREELIST GROUPS 1 BUFFER_POOL DEFAULT)
  TABLESPACE "USERS" ;
--------------------------------------------------------
--  DDL for Table PROJECTS
--------------------------------------------------------

  CREATE TABLE "SEBASTIANFILIPVIRTOPEANU"."PROJECTS" 
   (	"PROJECT_ID" NUMBER(4,0), 
	"PROJECT_NAME" VARCHAR2(30 BYTE), 
	"BUDGET" NUMBER(6,0), 
	"START_DATE" DATE, 
	"DEADLINE" DATE, 
	"DELIVERY_DATE" DATE, 
	"PROJECT_MANAGER" NUMBER(4,0)
   ) PCTFREE 10 PCTUSED 40 INITRANS 1 MAXTRANS 255 NOCOMPRESS LOGGING
  STORAGE(INITIAL 65536 NEXT 1048576 MINEXTENTS 1 MAXEXTENTS 2147483645
  PCTINCREASE 0 FREELISTS 1 FREELIST GROUPS 1 BUFFER_POOL DEFAULT)
  TABLESPACE "USERS" ;
--------------------------------------------------------
--  DDL for Table REGIONS
--------------------------------------------------------

  CREATE TABLE "SEBASTIANFILIPVIRTOPEANU"."REGIONS" 
   (	"REGION_ID" NUMBER, 
	"REGION_NAME" VARCHAR2(25 BYTE)
   ) PCTFREE 10 PCTUSED 40 INITRANS 1 MAXTRANS 255 NOCOMPRESS LOGGING
  STORAGE(INITIAL 65536 NEXT 1048576 MINEXTENTS 1 MAXEXTENTS 2147483645
  PCTINCREASE 0 FREELISTS 1 FREELIST GROUPS 1 BUFFER_POOL DEFAULT)
  TABLESPACE "USERS" ;
--------------------------------------------------------
--  DDL for Table WORKS_ON
--------------------------------------------------------

  CREATE TABLE "SEBASTIANFILIPVIRTOPEANU"."WORKS_ON" 
   (	"PROJECT_ID" NUMBER(4,0), 
	"EMPLOYEE_ID" NUMBER(6,0), 
	"START_DATE" DATE, 
	"END_DATE" DATE
   ) PCTFREE 10 PCTUSED 40 INITRANS 1 MAXTRANS 255 NOCOMPRESS LOGGING
  STORAGE(INITIAL 65536 NEXT 1048576 MINEXTENTS 1 MAXEXTENTS 2147483645
  PCTINCREASE 0 FREELISTS 1 FREELIST GROUPS 1 BUFFER_POOL DEFAULT)
  TABLESPACE "USERS" ;
--------------------------------------------------------
--  DDL for View EMP_DETAILS_VIEW
--------------------------------------------------------

  CREATE OR REPLACE FORCE VIEW "SEBASTIANFILIPVIRTOPEANU"."EMP_DETAILS_VIEW" ("EMPLOYEE_ID", "JOB_ID", "MANAGER_ID", "DEPARTMENT_ID", "LOCATION_ID", "COUNTRY_ID", "FIRST_NAME", "LAST_NAME", "SALARY", "COMMISSION_PCT", "DEPARTMENT_NAME", "JOB_TITLE", "CITY", "STATE_PROVINCE", "COUNTRY_NAME", "REGION_NAME") AS 
  SELECT
  e.employee_id, 
  e.job_id, 
  e.manager_id, 
  e.department_id,
  d.location_id,
  l.country_id,
  e.first_name,
  e.last_name,
  e.salary,
  e.commission_pct,
  d.department_name,
  j.job_title,
  l.city,
  l.state_province,
  c.country_name,
  r.region_name
FROM
  employees e,
  departments d,
  jobs j,
  locations l,
  countries c,
  regions r
WHERE e.department_id = d.department_id
  AND d.location_id = l.location_id
  AND l.country_id = c.country_id
  AND c.region_id = r.region_id
  AND j.job_id = e.job_id 
WITH READ ONLY
;
--------------------------------------------------------
--  DDL for View TEST
--------------------------------------------------------

  CREATE OR REPLACE FORCE VIEW "SEBASTIANFILIPVIRTOPEANU"."TEST" ("FIRST_NAME", "CNT") AS 
  Select first_name, cnt
from employees  e
join (select  employee_id, count(employee_id) cnt from employees 
group by employee_id) e2 on e.employee_id=e2.employee_id 
where cnt <=30
with check option
;
--------------------------------------------------------
--  DDL for View TEST1
--------------------------------------------------------

  CREATE OR REPLACE FORCE VIEW "SEBASTIANFILIPVIRTOPEANU"."TEST1" ("FIRST_NAME") AS 
  Select first_name
from employees  e
join (select  employee_id, count(employee_id) cnt from employees 
group by employee_id) e2 on e.employee_id=e2.employee_id 
where cnt <=30
with check option
;
--------------------------------------------------------
--  DDL for View TEST2
--------------------------------------------------------

  CREATE OR REPLACE FORCE VIEW "SEBASTIANFILIPVIRTOPEANU"."TEST2" ("FIRST_NAME") AS 
  Select first_name
from employees  e
left join (select  employee_id, count(employee_id) cnt from employees 
group by employee_id) e2 on e.employee_id=e2.employee_id 
where cnt <=30
with check option
;
--------------------------------------------------------
--  DDL for View TEST3
--------------------------------------------------------

  CREATE OR REPLACE FORCE VIEW "SEBASTIANFILIPVIRTOPEANU"."TEST3" ("FIRST_NAME") AS 
  Select first_name
from employees  e
;
--------------------------------------------------------
--  DDL for View TEST5
--------------------------------------------------------

  CREATE OR REPLACE FORCE VIEW "SEBASTIANFILIPVIRTOPEANU"."TEST5" ("FIRST_NAME", "LAST_NAME", "EMAIL", "EMPLOYEE_ID", "HIRE_DATE", "JOB_ID") AS 
  Select first_name, last_name, email, e.employee_id, hire_date, job_id 
from employees  e
left join (select  employee_id, count(employee_id) cnt from employees 
group by employee_id) e2 on e.employee_id=e2.employee_id 
where cnt <=30
with check option
;
REM INSERTING into SEBASTIANFILIPVIRTOPEANU.COUNTRIES
SET DEFINE OFF;
Insert into SEBASTIANFILIPVIRTOPEANU.COUNTRIES (COUNTRY_ID,COUNTRY_NAME,REGION_ID) values ('AR','Argentina',2);
Insert into SEBASTIANFILIPVIRTOPEANU.COUNTRIES (COUNTRY_ID,COUNTRY_NAME,REGION_ID) values ('AU','Australia',3);
Insert into SEBASTIANFILIPVIRTOPEANU.COUNTRIES (COUNTRY_ID,COUNTRY_NAME,REGION_ID) values ('BE','Belgium',1);
Insert into SEBASTIANFILIPVIRTOPEANU.COUNTRIES (COUNTRY_ID,COUNTRY_NAME,REGION_ID) values ('BR','Brazil',2);
Insert into SEBASTIANFILIPVIRTOPEANU.COUNTRIES (COUNTRY_ID,COUNTRY_NAME,REGION_ID) values ('CA','Canada',2);
Insert into SEBASTIANFILIPVIRTOPEANU.COUNTRIES (COUNTRY_ID,COUNTRY_NAME,REGION_ID) values ('CH','Switzerland',1);
Insert into SEBASTIANFILIPVIRTOPEANU.COUNTRIES (COUNTRY_ID,COUNTRY_NAME,REGION_ID) values ('CN','China',3);
Insert into SEBASTIANFILIPVIRTOPEANU.COUNTRIES (COUNTRY_ID,COUNTRY_NAME,REGION_ID) values ('DE','Germany',1);
Insert into SEBASTIANFILIPVIRTOPEANU.COUNTRIES (COUNTRY_ID,COUNTRY_NAME,REGION_ID) values ('DK','Denmark',1);
Insert into SEBASTIANFILIPVIRTOPEANU.COUNTRIES (COUNTRY_ID,COUNTRY_NAME,REGION_ID) values ('EG','Egypt',4);
Insert into SEBASTIANFILIPVIRTOPEANU.COUNTRIES (COUNTRY_ID,COUNTRY_NAME,REGION_ID) values ('FR','France',1);
Insert into SEBASTIANFILIPVIRTOPEANU.COUNTRIES (COUNTRY_ID,COUNTRY_NAME,REGION_ID) values ('HK','HongKong',3);
Insert into SEBASTIANFILIPVIRTOPEANU.COUNTRIES (COUNTRY_ID,COUNTRY_NAME,REGION_ID) values ('IL','Israel',4);
Insert into SEBASTIANFILIPVIRTOPEANU.COUNTRIES (COUNTRY_ID,COUNTRY_NAME,REGION_ID) values ('IN','India',3);
Insert into SEBASTIANFILIPVIRTOPEANU.COUNTRIES (COUNTRY_ID,COUNTRY_NAME,REGION_ID) values ('IT','Italy',1);
Insert into SEBASTIANFILIPVIRTOPEANU.COUNTRIES (COUNTRY_ID,COUNTRY_NAME,REGION_ID) values ('JP','Japan',3);
Insert into SEBASTIANFILIPVIRTOPEANU.COUNTRIES (COUNTRY_ID,COUNTRY_NAME,REGION_ID) values ('KW','Kuwait',4);
Insert into SEBASTIANFILIPVIRTOPEANU.COUNTRIES (COUNTRY_ID,COUNTRY_NAME,REGION_ID) values ('MX','Mexico',2);
Insert into SEBASTIANFILIPVIRTOPEANU.COUNTRIES (COUNTRY_ID,COUNTRY_NAME,REGION_ID) values ('NG','Nigeria',4);
Insert into SEBASTIANFILIPVIRTOPEANU.COUNTRIES (COUNTRY_ID,COUNTRY_NAME,REGION_ID) values ('NL','Netherlands',1);
Insert into SEBASTIANFILIPVIRTOPEANU.COUNTRIES (COUNTRY_ID,COUNTRY_NAME,REGION_ID) values ('SG','Singapore',3);
Insert into SEBASTIANFILIPVIRTOPEANU.COUNTRIES (COUNTRY_ID,COUNTRY_NAME,REGION_ID) values ('UK','United Kingdom',1);
Insert into SEBASTIANFILIPVIRTOPEANU.COUNTRIES (COUNTRY_ID,COUNTRY_NAME,REGION_ID) values ('US','United States of America',2);
Insert into SEBASTIANFILIPVIRTOPEANU.COUNTRIES (COUNTRY_ID,COUNTRY_NAME,REGION_ID) values ('ZM','Zambia',4);
Insert into SEBASTIANFILIPVIRTOPEANU.COUNTRIES (COUNTRY_ID,COUNTRY_NAME,REGION_ID) values ('ZW','Zimbabwe',4);
REM INSERTING into SEBASTIANFILIPVIRTOPEANU.DEPARTMENTS
SET DEFINE OFF;
Insert into SEBASTIANFILIPVIRTOPEANU.DEPARTMENTS (DEPARTMENT_ID,DEPARTMENT_NAME,MANAGER_ID,LOCATION_ID) values (10,'Administration',200,1700);
Insert into SEBASTIANFILIPVIRTOPEANU.DEPARTMENTS (DEPARTMENT_ID,DEPARTMENT_NAME,MANAGER_ID,LOCATION_ID) values (20,'Marketing',201,1800);
Insert into SEBASTIANFILIPVIRTOPEANU.DEPARTMENTS (DEPARTMENT_ID,DEPARTMENT_NAME,MANAGER_ID,LOCATION_ID) values (30,'Purchasing',114,1700);
Insert into SEBASTIANFILIPVIRTOPEANU.DEPARTMENTS (DEPARTMENT_ID,DEPARTMENT_NAME,MANAGER_ID,LOCATION_ID) values (40,'Human Resources',203,2400);
Insert into SEBASTIANFILIPVIRTOPEANU.DEPARTMENTS (DEPARTMENT_ID,DEPARTMENT_NAME,MANAGER_ID,LOCATION_ID) values (50,'Shipping',121,1500);
Insert into SEBASTIANFILIPVIRTOPEANU.DEPARTMENTS (DEPARTMENT_ID,DEPARTMENT_NAME,MANAGER_ID,LOCATION_ID) values (60,'IT',103,1400);
Insert into SEBASTIANFILIPVIRTOPEANU.DEPARTMENTS (DEPARTMENT_ID,DEPARTMENT_NAME,MANAGER_ID,LOCATION_ID) values (70,'Public Relations',204,2700);
Insert into SEBASTIANFILIPVIRTOPEANU.DEPARTMENTS (DEPARTMENT_ID,DEPARTMENT_NAME,MANAGER_ID,LOCATION_ID) values (80,'Sales',145,2500);
Insert into SEBASTIANFILIPVIRTOPEANU.DEPARTMENTS (DEPARTMENT_ID,DEPARTMENT_NAME,MANAGER_ID,LOCATION_ID) values (90,'Executive',100,1700);
Insert into SEBASTIANFILIPVIRTOPEANU.DEPARTMENTS (DEPARTMENT_ID,DEPARTMENT_NAME,MANAGER_ID,LOCATION_ID) values (100,'Finance',108,1700);
Insert into SEBASTIANFILIPVIRTOPEANU.DEPARTMENTS (DEPARTMENT_ID,DEPARTMENT_NAME,MANAGER_ID,LOCATION_ID) values (110,'Accounting',205,1700);
Insert into SEBASTIANFILIPVIRTOPEANU.DEPARTMENTS (DEPARTMENT_ID,DEPARTMENT_NAME,MANAGER_ID,LOCATION_ID) values (120,'Treasury',null,1700);
Insert into SEBASTIANFILIPVIRTOPEANU.DEPARTMENTS (DEPARTMENT_ID,DEPARTMENT_NAME,MANAGER_ID,LOCATION_ID) values (130,'Corporate Tax',null,1700);
Insert into SEBASTIANFILIPVIRTOPEANU.DEPARTMENTS (DEPARTMENT_ID,DEPARTMENT_NAME,MANAGER_ID,LOCATION_ID) values (140,'Control And Credit',null,1700);
Insert into SEBASTIANFILIPVIRTOPEANU.DEPARTMENTS (DEPARTMENT_ID,DEPARTMENT_NAME,MANAGER_ID,LOCATION_ID) values (150,'Shareholder Services',null,1700);
Insert into SEBASTIANFILIPVIRTOPEANU.DEPARTMENTS (DEPARTMENT_ID,DEPARTMENT_NAME,MANAGER_ID,LOCATION_ID) values (160,'Benefits',null,1700);
Insert into SEBASTIANFILIPVIRTOPEANU.DEPARTMENTS (DEPARTMENT_ID,DEPARTMENT_NAME,MANAGER_ID,LOCATION_ID) values (170,'Manufacturing',null,1700);
Insert into SEBASTIANFILIPVIRTOPEANU.DEPARTMENTS (DEPARTMENT_ID,DEPARTMENT_NAME,MANAGER_ID,LOCATION_ID) values (180,'Construction',null,1700);
Insert into SEBASTIANFILIPVIRTOPEANU.DEPARTMENTS (DEPARTMENT_ID,DEPARTMENT_NAME,MANAGER_ID,LOCATION_ID) values (190,'Contracting',null,1700);
Insert into SEBASTIANFILIPVIRTOPEANU.DEPARTMENTS (DEPARTMENT_ID,DEPARTMENT_NAME,MANAGER_ID,LOCATION_ID) values (200,'Operations',null,1700);
Insert into SEBASTIANFILIPVIRTOPEANU.DEPARTMENTS (DEPARTMENT_ID,DEPARTMENT_NAME,MANAGER_ID,LOCATION_ID) values (210,'IT Support',null,1700);
Insert into SEBASTIANFILIPVIRTOPEANU.DEPARTMENTS (DEPARTMENT_ID,DEPARTMENT_NAME,MANAGER_ID,LOCATION_ID) values (220,'NOC',null,1700);
Insert into SEBASTIANFILIPVIRTOPEANU.DEPARTMENTS (DEPARTMENT_ID,DEPARTMENT_NAME,MANAGER_ID,LOCATION_ID) values (230,'IT Helpdesk',null,1700);
Insert into SEBASTIANFILIPVIRTOPEANU.DEPARTMENTS (DEPARTMENT_ID,DEPARTMENT_NAME,MANAGER_ID,LOCATION_ID) values (240,'Government Sales',null,1700);
Insert into SEBASTIANFILIPVIRTOPEANU.DEPARTMENTS (DEPARTMENT_ID,DEPARTMENT_NAME,MANAGER_ID,LOCATION_ID) values (250,'Retail Sales',null,1700);
Insert into SEBASTIANFILIPVIRTOPEANU.DEPARTMENTS (DEPARTMENT_ID,DEPARTMENT_NAME,MANAGER_ID,LOCATION_ID) values (260,'Recruiting',null,1700);
Insert into SEBASTIANFILIPVIRTOPEANU.DEPARTMENTS (DEPARTMENT_ID,DEPARTMENT_NAME,MANAGER_ID,LOCATION_ID) values (270,'Payroll',null,1700);
REM INSERTING into SEBASTIANFILIPVIRTOPEANU.DEPT_SVI
SET DEFINE OFF;
Insert into SEBASTIANFILIPVIRTOPEANU.DEPT_SVI (DEPARTMENT_ID,DEPARTMENT_NAME,MANAGER_ID,LOCATION_ID) values (10,'Administration',200,1700);
Insert into SEBASTIANFILIPVIRTOPEANU.DEPT_SVI (DEPARTMENT_ID,DEPARTMENT_NAME,MANAGER_ID,LOCATION_ID) values (20,'Marketing',201,1800);
Insert into SEBASTIANFILIPVIRTOPEANU.DEPT_SVI (DEPARTMENT_ID,DEPARTMENT_NAME,MANAGER_ID,LOCATION_ID) values (30,'Purchasing',114,1700);
Insert into SEBASTIANFILIPVIRTOPEANU.DEPT_SVI (DEPARTMENT_ID,DEPARTMENT_NAME,MANAGER_ID,LOCATION_ID) values (40,'Human Resources',203,2400);
Insert into SEBASTIANFILIPVIRTOPEANU.DEPT_SVI (DEPARTMENT_ID,DEPARTMENT_NAME,MANAGER_ID,LOCATION_ID) values (50,'Shipping',121,1500);
Insert into SEBASTIANFILIPVIRTOPEANU.DEPT_SVI (DEPARTMENT_ID,DEPARTMENT_NAME,MANAGER_ID,LOCATION_ID) values (60,'IT',103,1400);
Insert into SEBASTIANFILIPVIRTOPEANU.DEPT_SVI (DEPARTMENT_ID,DEPARTMENT_NAME,MANAGER_ID,LOCATION_ID) values (70,'Public Relations',204,2700);
Insert into SEBASTIANFILIPVIRTOPEANU.DEPT_SVI (DEPARTMENT_ID,DEPARTMENT_NAME,MANAGER_ID,LOCATION_ID) values (80,'Sales',145,2500);
Insert into SEBASTIANFILIPVIRTOPEANU.DEPT_SVI (DEPARTMENT_ID,DEPARTMENT_NAME,MANAGER_ID,LOCATION_ID) values (90,'Executive',100,1700);
Insert into SEBASTIANFILIPVIRTOPEANU.DEPT_SVI (DEPARTMENT_ID,DEPARTMENT_NAME,MANAGER_ID,LOCATION_ID) values (100,'Finance',108,1700);
Insert into SEBASTIANFILIPVIRTOPEANU.DEPT_SVI (DEPARTMENT_ID,DEPARTMENT_NAME,MANAGER_ID,LOCATION_ID) values (110,'Accounting',205,1700);
Insert into SEBASTIANFILIPVIRTOPEANU.DEPT_SVI (DEPARTMENT_ID,DEPARTMENT_NAME,MANAGER_ID,LOCATION_ID) values (120,'Treasury',null,1700);
Insert into SEBASTIANFILIPVIRTOPEANU.DEPT_SVI (DEPARTMENT_ID,DEPARTMENT_NAME,MANAGER_ID,LOCATION_ID) values (130,'Corporate Tax',null,1700);
Insert into SEBASTIANFILIPVIRTOPEANU.DEPT_SVI (DEPARTMENT_ID,DEPARTMENT_NAME,MANAGER_ID,LOCATION_ID) values (140,'Control And Credit',null,1700);
Insert into SEBASTIANFILIPVIRTOPEANU.DEPT_SVI (DEPARTMENT_ID,DEPARTMENT_NAME,MANAGER_ID,LOCATION_ID) values (150,'Shareholder Services',null,1700);
Insert into SEBASTIANFILIPVIRTOPEANU.DEPT_SVI (DEPARTMENT_ID,DEPARTMENT_NAME,MANAGER_ID,LOCATION_ID) values (160,'Benefits',null,1700);
Insert into SEBASTIANFILIPVIRTOPEANU.DEPT_SVI (DEPARTMENT_ID,DEPARTMENT_NAME,MANAGER_ID,LOCATION_ID) values (170,'Manufacturing',null,1700);
Insert into SEBASTIANFILIPVIRTOPEANU.DEPT_SVI (DEPARTMENT_ID,DEPARTMENT_NAME,MANAGER_ID,LOCATION_ID) values (180,'Construction',null,1700);
Insert into SEBASTIANFILIPVIRTOPEANU.DEPT_SVI (DEPARTMENT_ID,DEPARTMENT_NAME,MANAGER_ID,LOCATION_ID) values (190,'Contracting',null,1700);
Insert into SEBASTIANFILIPVIRTOPEANU.DEPT_SVI (DEPARTMENT_ID,DEPARTMENT_NAME,MANAGER_ID,LOCATION_ID) values (200,'Operations',null,1700);
Insert into SEBASTIANFILIPVIRTOPEANU.DEPT_SVI (DEPARTMENT_ID,DEPARTMENT_NAME,MANAGER_ID,LOCATION_ID) values (210,'IT Support',null,1700);
Insert into SEBASTIANFILIPVIRTOPEANU.DEPT_SVI (DEPARTMENT_ID,DEPARTMENT_NAME,MANAGER_ID,LOCATION_ID) values (220,'NOC',null,1700);
Insert into SEBASTIANFILIPVIRTOPEANU.DEPT_SVI (DEPARTMENT_ID,DEPARTMENT_NAME,MANAGER_ID,LOCATION_ID) values (230,'IT Helpdesk',null,1700);
Insert into SEBASTIANFILIPVIRTOPEANU.DEPT_SVI (DEPARTMENT_ID,DEPARTMENT_NAME,MANAGER_ID,LOCATION_ID) values (240,'Government Sales',null,1700);
Insert into SEBASTIANFILIPVIRTOPEANU.DEPT_SVI (DEPARTMENT_ID,DEPARTMENT_NAME,MANAGER_ID,LOCATION_ID) values (250,'Retail Sales',null,1700);
Insert into SEBASTIANFILIPVIRTOPEANU.DEPT_SVI (DEPARTMENT_ID,DEPARTMENT_NAME,MANAGER_ID,LOCATION_ID) values (260,'Recruiting',null,1700);
Insert into SEBASTIANFILIPVIRTOPEANU.DEPT_SVI (DEPARTMENT_ID,DEPARTMENT_NAME,MANAGER_ID,LOCATION_ID) values (270,'Payroll',null,1700);
REM INSERTING into SEBASTIANFILIPVIRTOPEANU.EMPLOYEES
SET DEFINE OFF;
Insert into SEBASTIANFILIPVIRTOPEANU.EMPLOYEES (EMPLOYEE_ID,FIRST_NAME,LAST_NAME,EMAIL,PHONE_NUMBER,HIRE_DATE,JOB_ID,SALARY,COMMISSION_PCT,MANAGER_ID,DEPARTMENT_ID) values (100,'Steven','King','SKING','515.123.4567',to_date('17-JUN-87','DD-MON-RR'),'AD_PRES',24000,null,null,90);
Insert into SEBASTIANFILIPVIRTOPEANU.EMPLOYEES (EMPLOYEE_ID,FIRST_NAME,LAST_NAME,EMAIL,PHONE_NUMBER,HIRE_DATE,JOB_ID,SALARY,COMMISSION_PCT,MANAGER_ID,DEPARTMENT_ID) values (101,'Neena','Kochhar','NKOCHHAR','515.123.4568',to_date('21-SEP-89','DD-MON-RR'),'AD_VP',17000,null,100,90);
Insert into SEBASTIANFILIPVIRTOPEANU.EMPLOYEES (EMPLOYEE_ID,FIRST_NAME,LAST_NAME,EMAIL,PHONE_NUMBER,HIRE_DATE,JOB_ID,SALARY,COMMISSION_PCT,MANAGER_ID,DEPARTMENT_ID) values (102,'Lex','De Haan','LDEHAAN','515.123.4569',to_date('13-JAN-93','DD-MON-RR'),'AD_VP',17000,null,100,90);
Insert into SEBASTIANFILIPVIRTOPEANU.EMPLOYEES (EMPLOYEE_ID,FIRST_NAME,LAST_NAME,EMAIL,PHONE_NUMBER,HIRE_DATE,JOB_ID,SALARY,COMMISSION_PCT,MANAGER_ID,DEPARTMENT_ID) values (103,'Alexander','Hunold','AHUNOLD','590.423.4567',to_date('03-JAN-90','DD-MON-RR'),'IT_PROG',9000,null,102,60);
Insert into SEBASTIANFILIPVIRTOPEANU.EMPLOYEES (EMPLOYEE_ID,FIRST_NAME,LAST_NAME,EMAIL,PHONE_NUMBER,HIRE_DATE,JOB_ID,SALARY,COMMISSION_PCT,MANAGER_ID,DEPARTMENT_ID) values (104,'Bruce','Ernst','BERNST','590.423.4568',to_date('21-MAY-91','DD-MON-RR'),'IT_PROG',6000,null,103,60);
Insert into SEBASTIANFILIPVIRTOPEANU.EMPLOYEES (EMPLOYEE_ID,FIRST_NAME,LAST_NAME,EMAIL,PHONE_NUMBER,HIRE_DATE,JOB_ID,SALARY,COMMISSION_PCT,MANAGER_ID,DEPARTMENT_ID) values (105,'David','Austin','DAUSTIN','590.423.4569',to_date('25-JUN-97','DD-MON-RR'),'IT_PROG',4800,null,103,60);
Insert into SEBASTIANFILIPVIRTOPEANU.EMPLOYEES (EMPLOYEE_ID,FIRST_NAME,LAST_NAME,EMAIL,PHONE_NUMBER,HIRE_DATE,JOB_ID,SALARY,COMMISSION_PCT,MANAGER_ID,DEPARTMENT_ID) values (106,'Valli','Pataballa','VPATABAL','590.423.4560',to_date('05-FEB-98','DD-MON-RR'),'IT_PROG',4800,null,103,60);
Insert into SEBASTIANFILIPVIRTOPEANU.EMPLOYEES (EMPLOYEE_ID,FIRST_NAME,LAST_NAME,EMAIL,PHONE_NUMBER,HIRE_DATE,JOB_ID,SALARY,COMMISSION_PCT,MANAGER_ID,DEPARTMENT_ID) values (107,'Diana','Lorentz','DLORENTZ','590.423.5567',to_date('07-FEB-99','DD-MON-RR'),'IT_PROG',4200,null,103,60);
Insert into SEBASTIANFILIPVIRTOPEANU.EMPLOYEES (EMPLOYEE_ID,FIRST_NAME,LAST_NAME,EMAIL,PHONE_NUMBER,HIRE_DATE,JOB_ID,SALARY,COMMISSION_PCT,MANAGER_ID,DEPARTMENT_ID) values (108,'Nancy','Greenberg','NGREENBE','515.124.4569',to_date('17-AUG-94','DD-MON-RR'),'FI_MGR',12000,null,101,100);
Insert into SEBASTIANFILIPVIRTOPEANU.EMPLOYEES (EMPLOYEE_ID,FIRST_NAME,LAST_NAME,EMAIL,PHONE_NUMBER,HIRE_DATE,JOB_ID,SALARY,COMMISSION_PCT,MANAGER_ID,DEPARTMENT_ID) values (109,'Daniel','Faviet','DFAVIET','515.124.4169',to_date('16-AUG-94','DD-MON-RR'),'FI_ACCOUNT',9000,null,108,100);
Insert into SEBASTIANFILIPVIRTOPEANU.EMPLOYEES (EMPLOYEE_ID,FIRST_NAME,LAST_NAME,EMAIL,PHONE_NUMBER,HIRE_DATE,JOB_ID,SALARY,COMMISSION_PCT,MANAGER_ID,DEPARTMENT_ID) values (110,'John','Chen','JCHEN','515.124.4269',to_date('28-SEP-97','DD-MON-RR'),'FI_ACCOUNT',8200,null,108,100);
Insert into SEBASTIANFILIPVIRTOPEANU.EMPLOYEES (EMPLOYEE_ID,FIRST_NAME,LAST_NAME,EMAIL,PHONE_NUMBER,HIRE_DATE,JOB_ID,SALARY,COMMISSION_PCT,MANAGER_ID,DEPARTMENT_ID) values (111,'Ismael','Sciarra','ISCIARRA','515.124.4369',to_date('30-SEP-97','DD-MON-RR'),'FI_ACCOUNT',7700,null,108,100);
Insert into SEBASTIANFILIPVIRTOPEANU.EMPLOYEES (EMPLOYEE_ID,FIRST_NAME,LAST_NAME,EMAIL,PHONE_NUMBER,HIRE_DATE,JOB_ID,SALARY,COMMISSION_PCT,MANAGER_ID,DEPARTMENT_ID) values (112,'Jose Manuel','Urman','JMURMAN','515.124.4469',to_date('07-MAR-98','DD-MON-RR'),'FI_ACCOUNT',7800,null,108,100);
Insert into SEBASTIANFILIPVIRTOPEANU.EMPLOYEES (EMPLOYEE_ID,FIRST_NAME,LAST_NAME,EMAIL,PHONE_NUMBER,HIRE_DATE,JOB_ID,SALARY,COMMISSION_PCT,MANAGER_ID,DEPARTMENT_ID) values (113,'Luis','Popp','LPOPP','515.124.4567',to_date('07-DEC-99','DD-MON-RR'),'FI_ACCOUNT',6900,null,108,100);
Insert into SEBASTIANFILIPVIRTOPEANU.EMPLOYEES (EMPLOYEE_ID,FIRST_NAME,LAST_NAME,EMAIL,PHONE_NUMBER,HIRE_DATE,JOB_ID,SALARY,COMMISSION_PCT,MANAGER_ID,DEPARTMENT_ID) values (114,'Den','Raphaely','DRAPHEAL','515.127.4561',to_date('07-DEC-94','DD-MON-RR'),'PU_MAN',11000,null,100,30);
Insert into SEBASTIANFILIPVIRTOPEANU.EMPLOYEES (EMPLOYEE_ID,FIRST_NAME,LAST_NAME,EMAIL,PHONE_NUMBER,HIRE_DATE,JOB_ID,SALARY,COMMISSION_PCT,MANAGER_ID,DEPARTMENT_ID) values (115,'Alexander','Khoo','AKHOO','515.127.4562',to_date('18-MAY-95','DD-MON-RR'),'PU_CLERK',3100,null,114,30);
Insert into SEBASTIANFILIPVIRTOPEANU.EMPLOYEES (EMPLOYEE_ID,FIRST_NAME,LAST_NAME,EMAIL,PHONE_NUMBER,HIRE_DATE,JOB_ID,SALARY,COMMISSION_PCT,MANAGER_ID,DEPARTMENT_ID) values (116,'Shelli','Baida','SBAIDA','515.127.4563',to_date('24-DEC-97','DD-MON-RR'),'PU_CLERK',2900,null,114,30);
Insert into SEBASTIANFILIPVIRTOPEANU.EMPLOYEES (EMPLOYEE_ID,FIRST_NAME,LAST_NAME,EMAIL,PHONE_NUMBER,HIRE_DATE,JOB_ID,SALARY,COMMISSION_PCT,MANAGER_ID,DEPARTMENT_ID) values (117,'Sigal','Tobias','STOBIAS','515.127.4564',to_date('24-JUL-97','DD-MON-RR'),'PU_CLERK',2800,null,114,30);
Insert into SEBASTIANFILIPVIRTOPEANU.EMPLOYEES (EMPLOYEE_ID,FIRST_NAME,LAST_NAME,EMAIL,PHONE_NUMBER,HIRE_DATE,JOB_ID,SALARY,COMMISSION_PCT,MANAGER_ID,DEPARTMENT_ID) values (118,'Guy','Himuro','GHIMURO','515.127.4565',to_date('15-NOV-98','DD-MON-RR'),'PU_CLERK',2600,null,114,30);
Insert into SEBASTIANFILIPVIRTOPEANU.EMPLOYEES (EMPLOYEE_ID,FIRST_NAME,LAST_NAME,EMAIL,PHONE_NUMBER,HIRE_DATE,JOB_ID,SALARY,COMMISSION_PCT,MANAGER_ID,DEPARTMENT_ID) values (119,'Karen','Colmenares','KCOLMENA','515.127.4566',to_date('10-AUG-99','DD-MON-RR'),'PU_CLERK',2500,null,114,30);
Insert into SEBASTIANFILIPVIRTOPEANU.EMPLOYEES (EMPLOYEE_ID,FIRST_NAME,LAST_NAME,EMAIL,PHONE_NUMBER,HIRE_DATE,JOB_ID,SALARY,COMMISSION_PCT,MANAGER_ID,DEPARTMENT_ID) values (120,'Matthew','Weiss','MWEISS','650.123.1234',to_date('18-JUL-96','DD-MON-RR'),'ST_MAN',8000,null,100,50);
Insert into SEBASTIANFILIPVIRTOPEANU.EMPLOYEES (EMPLOYEE_ID,FIRST_NAME,LAST_NAME,EMAIL,PHONE_NUMBER,HIRE_DATE,JOB_ID,SALARY,COMMISSION_PCT,MANAGER_ID,DEPARTMENT_ID) values (121,'Adam','Fripp','AFRIPP','650.123.2234',to_date('10-APR-97','DD-MON-RR'),'ST_MAN',8200,null,100,50);
Insert into SEBASTIANFILIPVIRTOPEANU.EMPLOYEES (EMPLOYEE_ID,FIRST_NAME,LAST_NAME,EMAIL,PHONE_NUMBER,HIRE_DATE,JOB_ID,SALARY,COMMISSION_PCT,MANAGER_ID,DEPARTMENT_ID) values (122,'Payam','Kaufling','PKAUFLIN','650.123.3234',to_date('01-MAY-95','DD-MON-RR'),'ST_MAN',7900,null,100,50);
Insert into SEBASTIANFILIPVIRTOPEANU.EMPLOYEES (EMPLOYEE_ID,FIRST_NAME,LAST_NAME,EMAIL,PHONE_NUMBER,HIRE_DATE,JOB_ID,SALARY,COMMISSION_PCT,MANAGER_ID,DEPARTMENT_ID) values (123,'Shanta','Vollman','SVOLLMAN','650.123.4234',to_date('10-OCT-97','DD-MON-RR'),'ST_MAN',6500,null,100,50);
Insert into SEBASTIANFILIPVIRTOPEANU.EMPLOYEES (EMPLOYEE_ID,FIRST_NAME,LAST_NAME,EMAIL,PHONE_NUMBER,HIRE_DATE,JOB_ID,SALARY,COMMISSION_PCT,MANAGER_ID,DEPARTMENT_ID) values (124,'Kevin','Mourgos','KMOURGOS','650.123.5234',to_date('16-NOV-99','DD-MON-RR'),'ST_MAN',5800,null,100,50);
Insert into SEBASTIANFILIPVIRTOPEANU.EMPLOYEES (EMPLOYEE_ID,FIRST_NAME,LAST_NAME,EMAIL,PHONE_NUMBER,HIRE_DATE,JOB_ID,SALARY,COMMISSION_PCT,MANAGER_ID,DEPARTMENT_ID) values (125,'Julia','Nayer','JNAYER','650.124.1214',to_date('16-JUL-97','DD-MON-RR'),'ST_CLERK',3200,null,120,50);
Insert into SEBASTIANFILIPVIRTOPEANU.EMPLOYEES (EMPLOYEE_ID,FIRST_NAME,LAST_NAME,EMAIL,PHONE_NUMBER,HIRE_DATE,JOB_ID,SALARY,COMMISSION_PCT,MANAGER_ID,DEPARTMENT_ID) values (126,'Irene','Mikkilineni','IMIKKILI','650.124.1224',to_date('28-SEP-98','DD-MON-RR'),'ST_CLERK',2700,null,120,50);
Insert into SEBASTIANFILIPVIRTOPEANU.EMPLOYEES (EMPLOYEE_ID,FIRST_NAME,LAST_NAME,EMAIL,PHONE_NUMBER,HIRE_DATE,JOB_ID,SALARY,COMMISSION_PCT,MANAGER_ID,DEPARTMENT_ID) values (127,'James','Landry','JLANDRY','650.124.1334',to_date('14-JAN-99','DD-MON-RR'),'ST_CLERK',2400,null,120,50);
Insert into SEBASTIANFILIPVIRTOPEANU.EMPLOYEES (EMPLOYEE_ID,FIRST_NAME,LAST_NAME,EMAIL,PHONE_NUMBER,HIRE_DATE,JOB_ID,SALARY,COMMISSION_PCT,MANAGER_ID,DEPARTMENT_ID) values (128,'Steven','Markle','SMARKLE','650.124.1434',to_date('08-MAR-00','DD-MON-RR'),'ST_CLERK',2200,null,120,50);
Insert into SEBASTIANFILIPVIRTOPEANU.EMPLOYEES (EMPLOYEE_ID,FIRST_NAME,LAST_NAME,EMAIL,PHONE_NUMBER,HIRE_DATE,JOB_ID,SALARY,COMMISSION_PCT,MANAGER_ID,DEPARTMENT_ID) values (129,'Laura','Bissot','LBISSOT','650.124.5234',to_date('20-AUG-97','DD-MON-RR'),'ST_CLERK',3300,null,121,50);
Insert into SEBASTIANFILIPVIRTOPEANU.EMPLOYEES (EMPLOYEE_ID,FIRST_NAME,LAST_NAME,EMAIL,PHONE_NUMBER,HIRE_DATE,JOB_ID,SALARY,COMMISSION_PCT,MANAGER_ID,DEPARTMENT_ID) values (130,'Mozhe','Atkinson','MATKINSO','650.124.6234',to_date('30-OCT-97','DD-MON-RR'),'ST_CLERK',2800,null,121,50);
Insert into SEBASTIANFILIPVIRTOPEANU.EMPLOYEES (EMPLOYEE_ID,FIRST_NAME,LAST_NAME,EMAIL,PHONE_NUMBER,HIRE_DATE,JOB_ID,SALARY,COMMISSION_PCT,MANAGER_ID,DEPARTMENT_ID) values (131,'James','Marlow','JAMRLOW','650.124.7234',to_date('16-FEB-97','DD-MON-RR'),'ST_CLERK',2500,null,121,50);
Insert into SEBASTIANFILIPVIRTOPEANU.EMPLOYEES (EMPLOYEE_ID,FIRST_NAME,LAST_NAME,EMAIL,PHONE_NUMBER,HIRE_DATE,JOB_ID,SALARY,COMMISSION_PCT,MANAGER_ID,DEPARTMENT_ID) values (132,'TJ','Olson','TJOLSON','650.124.8234',to_date('10-APR-99','DD-MON-RR'),'ST_CLERK',2100,null,121,50);
Insert into SEBASTIANFILIPVIRTOPEANU.EMPLOYEES (EMPLOYEE_ID,FIRST_NAME,LAST_NAME,EMAIL,PHONE_NUMBER,HIRE_DATE,JOB_ID,SALARY,COMMISSION_PCT,MANAGER_ID,DEPARTMENT_ID) values (133,'Jason','Mallin','JMALLIN','650.127.1934',to_date('14-JUN-96','DD-MON-RR'),'ST_CLERK',3300,null,122,50);
Insert into SEBASTIANFILIPVIRTOPEANU.EMPLOYEES (EMPLOYEE_ID,FIRST_NAME,LAST_NAME,EMAIL,PHONE_NUMBER,HIRE_DATE,JOB_ID,SALARY,COMMISSION_PCT,MANAGER_ID,DEPARTMENT_ID) values (134,'Michael','Rogers','MROGERS','650.127.1834',to_date('26-AUG-98','DD-MON-RR'),'ST_CLERK',2900,null,122,50);
Insert into SEBASTIANFILIPVIRTOPEANU.EMPLOYEES (EMPLOYEE_ID,FIRST_NAME,LAST_NAME,EMAIL,PHONE_NUMBER,HIRE_DATE,JOB_ID,SALARY,COMMISSION_PCT,MANAGER_ID,DEPARTMENT_ID) values (135,'Ki','Gee','KGEE','650.127.1734',to_date('12-DEC-99','DD-MON-RR'),'ST_CLERK',2400,null,122,50);
Insert into SEBASTIANFILIPVIRTOPEANU.EMPLOYEES (EMPLOYEE_ID,FIRST_NAME,LAST_NAME,EMAIL,PHONE_NUMBER,HIRE_DATE,JOB_ID,SALARY,COMMISSION_PCT,MANAGER_ID,DEPARTMENT_ID) values (136,'Hazel','Philtanker','HPHILTAN','650.127.1634',to_date('06-FEB-00','DD-MON-RR'),'ST_CLERK',2200,null,122,50);
Insert into SEBASTIANFILIPVIRTOPEANU.EMPLOYEES (EMPLOYEE_ID,FIRST_NAME,LAST_NAME,EMAIL,PHONE_NUMBER,HIRE_DATE,JOB_ID,SALARY,COMMISSION_PCT,MANAGER_ID,DEPARTMENT_ID) values (137,'Renske','Ladwig','RLADWIG','650.121.1234',to_date('14-JUL-95','DD-MON-RR'),'ST_CLERK',3600,null,123,50);
Insert into SEBASTIANFILIPVIRTOPEANU.EMPLOYEES (EMPLOYEE_ID,FIRST_NAME,LAST_NAME,EMAIL,PHONE_NUMBER,HIRE_DATE,JOB_ID,SALARY,COMMISSION_PCT,MANAGER_ID,DEPARTMENT_ID) values (138,'Stephen','Stiles','SSTILES','650.121.2034',to_date('26-OCT-97','DD-MON-RR'),'ST_CLERK',3200,null,123,50);
Insert into SEBASTIANFILIPVIRTOPEANU.EMPLOYEES (EMPLOYEE_ID,FIRST_NAME,LAST_NAME,EMAIL,PHONE_NUMBER,HIRE_DATE,JOB_ID,SALARY,COMMISSION_PCT,MANAGER_ID,DEPARTMENT_ID) values (139,'John','Seo','JSEO','650.121.2019',to_date('12-FEB-98','DD-MON-RR'),'ST_CLERK',2700,null,123,50);
Insert into SEBASTIANFILIPVIRTOPEANU.EMPLOYEES (EMPLOYEE_ID,FIRST_NAME,LAST_NAME,EMAIL,PHONE_NUMBER,HIRE_DATE,JOB_ID,SALARY,COMMISSION_PCT,MANAGER_ID,DEPARTMENT_ID) values (140,'Joshua','Patel','JPATEL','650.121.1834',to_date('06-APR-98','DD-MON-RR'),'ST_CLERK',2500,null,123,50);
Insert into SEBASTIANFILIPVIRTOPEANU.EMPLOYEES (EMPLOYEE_ID,FIRST_NAME,LAST_NAME,EMAIL,PHONE_NUMBER,HIRE_DATE,JOB_ID,SALARY,COMMISSION_PCT,MANAGER_ID,DEPARTMENT_ID) values (141,'Trenna','Rajs','TRAJS','650.121.8009',to_date('17-OCT-95','DD-MON-RR'),'ST_CLERK',3500,null,124,50);
Insert into SEBASTIANFILIPVIRTOPEANU.EMPLOYEES (EMPLOYEE_ID,FIRST_NAME,LAST_NAME,EMAIL,PHONE_NUMBER,HIRE_DATE,JOB_ID,SALARY,COMMISSION_PCT,MANAGER_ID,DEPARTMENT_ID) values (142,'Curtis','Davies','CDAVIES','650.121.2994',to_date('29-JAN-97','DD-MON-RR'),'ST_CLERK',3100,null,124,50);
Insert into SEBASTIANFILIPVIRTOPEANU.EMPLOYEES (EMPLOYEE_ID,FIRST_NAME,LAST_NAME,EMAIL,PHONE_NUMBER,HIRE_DATE,JOB_ID,SALARY,COMMISSION_PCT,MANAGER_ID,DEPARTMENT_ID) values (143,'Randall','Matos','RMATOS','650.121.2874',to_date('15-MAR-98','DD-MON-RR'),'ST_CLERK',2600,null,124,50);
Insert into SEBASTIANFILIPVIRTOPEANU.EMPLOYEES (EMPLOYEE_ID,FIRST_NAME,LAST_NAME,EMAIL,PHONE_NUMBER,HIRE_DATE,JOB_ID,SALARY,COMMISSION_PCT,MANAGER_ID,DEPARTMENT_ID) values (144,'Peter','Vargas','PVARGAS','650.121.2004',to_date('09-JUL-98','DD-MON-RR'),'ST_CLERK',2500,null,124,50);
Insert into SEBASTIANFILIPVIRTOPEANU.EMPLOYEES (EMPLOYEE_ID,FIRST_NAME,LAST_NAME,EMAIL,PHONE_NUMBER,HIRE_DATE,JOB_ID,SALARY,COMMISSION_PCT,MANAGER_ID,DEPARTMENT_ID) values (145,'John','Russell','JRUSSEL','011.44.1344.429268',to_date('01-OCT-96','DD-MON-RR'),'SA_MAN',14000,0.4,100,80);
Insert into SEBASTIANFILIPVIRTOPEANU.EMPLOYEES (EMPLOYEE_ID,FIRST_NAME,LAST_NAME,EMAIL,PHONE_NUMBER,HIRE_DATE,JOB_ID,SALARY,COMMISSION_PCT,MANAGER_ID,DEPARTMENT_ID) values (146,'Karen','Partners','KPARTNER','011.44.1344.467268',to_date('05-JAN-97','DD-MON-RR'),'SA_MAN',13500,0.3,100,80);
Insert into SEBASTIANFILIPVIRTOPEANU.EMPLOYEES (EMPLOYEE_ID,FIRST_NAME,LAST_NAME,EMAIL,PHONE_NUMBER,HIRE_DATE,JOB_ID,SALARY,COMMISSION_PCT,MANAGER_ID,DEPARTMENT_ID) values (147,'Alberto','Errazuriz','AERRAZUR','011.44.1344.429278',to_date('10-MAR-97','DD-MON-RR'),'SA_MAN',12000,0.3,100,80);
Insert into SEBASTIANFILIPVIRTOPEANU.EMPLOYEES (EMPLOYEE_ID,FIRST_NAME,LAST_NAME,EMAIL,PHONE_NUMBER,HIRE_DATE,JOB_ID,SALARY,COMMISSION_PCT,MANAGER_ID,DEPARTMENT_ID) values (148,'Gerald','Cambrault','GCAMBRAU','011.44.1344.619268',to_date('15-OCT-99','DD-MON-RR'),'SA_MAN',11000,0.3,100,80);
Insert into SEBASTIANFILIPVIRTOPEANU.EMPLOYEES (EMPLOYEE_ID,FIRST_NAME,LAST_NAME,EMAIL,PHONE_NUMBER,HIRE_DATE,JOB_ID,SALARY,COMMISSION_PCT,MANAGER_ID,DEPARTMENT_ID) values (149,'Eleni','Zlotkey','EZLOTKEY','011.44.1344.429018',to_date('29-JAN-00','DD-MON-RR'),'SA_MAN',10500,0.2,100,80);
Insert into SEBASTIANFILIPVIRTOPEANU.EMPLOYEES (EMPLOYEE_ID,FIRST_NAME,LAST_NAME,EMAIL,PHONE_NUMBER,HIRE_DATE,JOB_ID,SALARY,COMMISSION_PCT,MANAGER_ID,DEPARTMENT_ID) values (150,'Peter','Tucker','PTUCKER','011.44.1344.129268',to_date('30-JAN-97','DD-MON-RR'),'SA_REP',10000,0.3,145,80);
Insert into SEBASTIANFILIPVIRTOPEANU.EMPLOYEES (EMPLOYEE_ID,FIRST_NAME,LAST_NAME,EMAIL,PHONE_NUMBER,HIRE_DATE,JOB_ID,SALARY,COMMISSION_PCT,MANAGER_ID,DEPARTMENT_ID) values (151,'David','Bernstein','DBERNSTE','011.44.1344.345268',to_date('24-MAR-97','DD-MON-RR'),'SA_REP',9500,0.25,145,80);
Insert into SEBASTIANFILIPVIRTOPEANU.EMPLOYEES (EMPLOYEE_ID,FIRST_NAME,LAST_NAME,EMAIL,PHONE_NUMBER,HIRE_DATE,JOB_ID,SALARY,COMMISSION_PCT,MANAGER_ID,DEPARTMENT_ID) values (152,'Peter','Hall','PHALL','011.44.1344.478968',to_date('20-AUG-97','DD-MON-RR'),'SA_REP',9000,0.25,145,80);
Insert into SEBASTIANFILIPVIRTOPEANU.EMPLOYEES (EMPLOYEE_ID,FIRST_NAME,LAST_NAME,EMAIL,PHONE_NUMBER,HIRE_DATE,JOB_ID,SALARY,COMMISSION_PCT,MANAGER_ID,DEPARTMENT_ID) values (153,'Christopher','Olsen','COLSEN','011.44.1344.498718',to_date('30-MAR-98','DD-MON-RR'),'SA_REP',8000,0.2,145,80);
Insert into SEBASTIANFILIPVIRTOPEANU.EMPLOYEES (EMPLOYEE_ID,FIRST_NAME,LAST_NAME,EMAIL,PHONE_NUMBER,HIRE_DATE,JOB_ID,SALARY,COMMISSION_PCT,MANAGER_ID,DEPARTMENT_ID) values (154,'Nanette','Cambrault','NCAMBRAU','011.44.1344.987668',to_date('09-DEC-98','DD-MON-RR'),'SA_REP',7500,0.2,145,80);
Insert into SEBASTIANFILIPVIRTOPEANU.EMPLOYEES (EMPLOYEE_ID,FIRST_NAME,LAST_NAME,EMAIL,PHONE_NUMBER,HIRE_DATE,JOB_ID,SALARY,COMMISSION_PCT,MANAGER_ID,DEPARTMENT_ID) values (155,'Oliver','Tuvault','OTUVAULT','011.44.1344.486508',to_date('23-NOV-99','DD-MON-RR'),'SA_REP',7000,0.15,145,80);
Insert into SEBASTIANFILIPVIRTOPEANU.EMPLOYEES (EMPLOYEE_ID,FIRST_NAME,LAST_NAME,EMAIL,PHONE_NUMBER,HIRE_DATE,JOB_ID,SALARY,COMMISSION_PCT,MANAGER_ID,DEPARTMENT_ID) values (156,'Janette','King','JKING','011.44.1345.429268',to_date('30-JAN-96','DD-MON-RR'),'SA_REP',10000,0.35,146,80);
Insert into SEBASTIANFILIPVIRTOPEANU.EMPLOYEES (EMPLOYEE_ID,FIRST_NAME,LAST_NAME,EMAIL,PHONE_NUMBER,HIRE_DATE,JOB_ID,SALARY,COMMISSION_PCT,MANAGER_ID,DEPARTMENT_ID) values (157,'Patrick','Sully','PSULLY','011.44.1345.929268',to_date('04-MAR-96','DD-MON-RR'),'SA_REP',9500,0.35,146,80);
Insert into SEBASTIANFILIPVIRTOPEANU.EMPLOYEES (EMPLOYEE_ID,FIRST_NAME,LAST_NAME,EMAIL,PHONE_NUMBER,HIRE_DATE,JOB_ID,SALARY,COMMISSION_PCT,MANAGER_ID,DEPARTMENT_ID) values (158,'Allan','McEwen','AMCEWEN','011.44.1345.829268',to_date('01-AUG-96','DD-MON-RR'),'SA_REP',9000,0.35,146,80);
Insert into SEBASTIANFILIPVIRTOPEANU.EMPLOYEES (EMPLOYEE_ID,FIRST_NAME,LAST_NAME,EMAIL,PHONE_NUMBER,HIRE_DATE,JOB_ID,SALARY,COMMISSION_PCT,MANAGER_ID,DEPARTMENT_ID) values (159,'Lindsey','Smith','LSMITH','011.44.1345.729268',to_date('10-MAR-97','DD-MON-RR'),'SA_REP',8000,0.3,146,80);
Insert into SEBASTIANFILIPVIRTOPEANU.EMPLOYEES (EMPLOYEE_ID,FIRST_NAME,LAST_NAME,EMAIL,PHONE_NUMBER,HIRE_DATE,JOB_ID,SALARY,COMMISSION_PCT,MANAGER_ID,DEPARTMENT_ID) values (160,'Louise','Doran','LDORAN','011.44.1345.629268',to_date('15-DEC-97','DD-MON-RR'),'SA_REP',7500,0.3,146,80);
Insert into SEBASTIANFILIPVIRTOPEANU.EMPLOYEES (EMPLOYEE_ID,FIRST_NAME,LAST_NAME,EMAIL,PHONE_NUMBER,HIRE_DATE,JOB_ID,SALARY,COMMISSION_PCT,MANAGER_ID,DEPARTMENT_ID) values (161,'Sarath','Sewall','SSEWALL','011.44.1345.529268',to_date('03-NOV-98','DD-MON-RR'),'SA_REP',7000,0.25,146,80);
Insert into SEBASTIANFILIPVIRTOPEANU.EMPLOYEES (EMPLOYEE_ID,FIRST_NAME,LAST_NAME,EMAIL,PHONE_NUMBER,HIRE_DATE,JOB_ID,SALARY,COMMISSION_PCT,MANAGER_ID,DEPARTMENT_ID) values (162,'Clara','Vishney','CVISHNEY','011.44.1346.129268',to_date('11-NOV-97','DD-MON-RR'),'SA_REP',10500,0.25,147,80);
Insert into SEBASTIANFILIPVIRTOPEANU.EMPLOYEES (EMPLOYEE_ID,FIRST_NAME,LAST_NAME,EMAIL,PHONE_NUMBER,HIRE_DATE,JOB_ID,SALARY,COMMISSION_PCT,MANAGER_ID,DEPARTMENT_ID) values (163,'Danielle','Greene','DGREENE','011.44.1346.229268',to_date('19-MAR-99','DD-MON-RR'),'SA_REP',9500,0.15,147,80);
Insert into SEBASTIANFILIPVIRTOPEANU.EMPLOYEES (EMPLOYEE_ID,FIRST_NAME,LAST_NAME,EMAIL,PHONE_NUMBER,HIRE_DATE,JOB_ID,SALARY,COMMISSION_PCT,MANAGER_ID,DEPARTMENT_ID) values (164,'Mattea','Marvins','MMARVINS','011.44.1346.329268',to_date('24-JAN-00','DD-MON-RR'),'SA_REP',7200,0.1,147,80);
Insert into SEBASTIANFILIPVIRTOPEANU.EMPLOYEES (EMPLOYEE_ID,FIRST_NAME,LAST_NAME,EMAIL,PHONE_NUMBER,HIRE_DATE,JOB_ID,SALARY,COMMISSION_PCT,MANAGER_ID,DEPARTMENT_ID) values (165,'David','Lee','DLEE','011.44.1346.529268',to_date('23-FEB-00','DD-MON-RR'),'SA_REP',6800,0.1,147,80);
Insert into SEBASTIANFILIPVIRTOPEANU.EMPLOYEES (EMPLOYEE_ID,FIRST_NAME,LAST_NAME,EMAIL,PHONE_NUMBER,HIRE_DATE,JOB_ID,SALARY,COMMISSION_PCT,MANAGER_ID,DEPARTMENT_ID) values (166,'Sundar','Ande','SANDE','011.44.1346.629268',to_date('24-MAR-00','DD-MON-RR'),'SA_REP',6400,0.1,147,80);
Insert into SEBASTIANFILIPVIRTOPEANU.EMPLOYEES (EMPLOYEE_ID,FIRST_NAME,LAST_NAME,EMAIL,PHONE_NUMBER,HIRE_DATE,JOB_ID,SALARY,COMMISSION_PCT,MANAGER_ID,DEPARTMENT_ID) values (167,'Amit','Banda','ABANDA','011.44.1346.729268',to_date('21-APR-00','DD-MON-RR'),'SA_REP',6200,0.1,147,80);
Insert into SEBASTIANFILIPVIRTOPEANU.EMPLOYEES (EMPLOYEE_ID,FIRST_NAME,LAST_NAME,EMAIL,PHONE_NUMBER,HIRE_DATE,JOB_ID,SALARY,COMMISSION_PCT,MANAGER_ID,DEPARTMENT_ID) values (168,'Lisa','Ozer','LOZER','011.44.1343.929268',to_date('11-MAR-97','DD-MON-RR'),'SA_REP',11500,0.25,148,80);
Insert into SEBASTIANFILIPVIRTOPEANU.EMPLOYEES (EMPLOYEE_ID,FIRST_NAME,LAST_NAME,EMAIL,PHONE_NUMBER,HIRE_DATE,JOB_ID,SALARY,COMMISSION_PCT,MANAGER_ID,DEPARTMENT_ID) values (169,'Harrison','Bloom','HBLOOM','011.44.1343.829268',to_date('23-MAR-98','DD-MON-RR'),'SA_REP',10000,0.2,148,80);
Insert into SEBASTIANFILIPVIRTOPEANU.EMPLOYEES (EMPLOYEE_ID,FIRST_NAME,LAST_NAME,EMAIL,PHONE_NUMBER,HIRE_DATE,JOB_ID,SALARY,COMMISSION_PCT,MANAGER_ID,DEPARTMENT_ID) values (170,'Tayler','Fox','TFOX','011.44.1343.729268',to_date('24-JAN-98','DD-MON-RR'),'SA_REP',9600,0.2,148,80);
Insert into SEBASTIANFILIPVIRTOPEANU.EMPLOYEES (EMPLOYEE_ID,FIRST_NAME,LAST_NAME,EMAIL,PHONE_NUMBER,HIRE_DATE,JOB_ID,SALARY,COMMISSION_PCT,MANAGER_ID,DEPARTMENT_ID) values (171,'William','Smith','WSMITH','011.44.1343.629268',to_date('23-FEB-99','DD-MON-RR'),'SA_REP',7400,0.15,148,80);
Insert into SEBASTIANFILIPVIRTOPEANU.EMPLOYEES (EMPLOYEE_ID,FIRST_NAME,LAST_NAME,EMAIL,PHONE_NUMBER,HIRE_DATE,JOB_ID,SALARY,COMMISSION_PCT,MANAGER_ID,DEPARTMENT_ID) values (172,'Elizabeth','Bates','EBATES','011.44.1343.529268',to_date('24-MAR-99','DD-MON-RR'),'SA_REP',7300,0.15,148,80);
Insert into SEBASTIANFILIPVIRTOPEANU.EMPLOYEES (EMPLOYEE_ID,FIRST_NAME,LAST_NAME,EMAIL,PHONE_NUMBER,HIRE_DATE,JOB_ID,SALARY,COMMISSION_PCT,MANAGER_ID,DEPARTMENT_ID) values (173,'Sundita','Kumar','SKUMAR','011.44.1343.329268',to_date('21-APR-00','DD-MON-RR'),'SA_REP',6100,0.1,148,80);
Insert into SEBASTIANFILIPVIRTOPEANU.EMPLOYEES (EMPLOYEE_ID,FIRST_NAME,LAST_NAME,EMAIL,PHONE_NUMBER,HIRE_DATE,JOB_ID,SALARY,COMMISSION_PCT,MANAGER_ID,DEPARTMENT_ID) values (174,'Ellen','Abel','EABEL','011.44.1644.429267',to_date('11-MAY-96','DD-MON-RR'),'SA_REP',11000,0.3,149,80);
Insert into SEBASTIANFILIPVIRTOPEANU.EMPLOYEES (EMPLOYEE_ID,FIRST_NAME,LAST_NAME,EMAIL,PHONE_NUMBER,HIRE_DATE,JOB_ID,SALARY,COMMISSION_PCT,MANAGER_ID,DEPARTMENT_ID) values (175,'Alyssa','Hutton','AHUTTON','011.44.1644.429266',to_date('19-MAR-97','DD-MON-RR'),'SA_REP',8800,0.25,149,80);
Insert into SEBASTIANFILIPVIRTOPEANU.EMPLOYEES (EMPLOYEE_ID,FIRST_NAME,LAST_NAME,EMAIL,PHONE_NUMBER,HIRE_DATE,JOB_ID,SALARY,COMMISSION_PCT,MANAGER_ID,DEPARTMENT_ID) values (176,'Jonathon','Taylor','JTAYLOR','011.44.1644.429265',to_date('24-MAR-98','DD-MON-RR'),'SA_REP',8600,0.2,149,80);
Insert into SEBASTIANFILIPVIRTOPEANU.EMPLOYEES (EMPLOYEE_ID,FIRST_NAME,LAST_NAME,EMAIL,PHONE_NUMBER,HIRE_DATE,JOB_ID,SALARY,COMMISSION_PCT,MANAGER_ID,DEPARTMENT_ID) values (177,'Jack','Livingston','JLIVINGS','011.44.1644.429264',to_date('23-APR-98','DD-MON-RR'),'SA_REP',8400,0.2,149,80);
Insert into SEBASTIANFILIPVIRTOPEANU.EMPLOYEES (EMPLOYEE_ID,FIRST_NAME,LAST_NAME,EMAIL,PHONE_NUMBER,HIRE_DATE,JOB_ID,SALARY,COMMISSION_PCT,MANAGER_ID,DEPARTMENT_ID) values (178,'Kimberely','Grant','KGRANT','011.44.1644.429263',to_date('24-MAY-99','DD-MON-RR'),'SA_REP',7000,0.15,149,null);
Insert into SEBASTIANFILIPVIRTOPEANU.EMPLOYEES (EMPLOYEE_ID,FIRST_NAME,LAST_NAME,EMAIL,PHONE_NUMBER,HIRE_DATE,JOB_ID,SALARY,COMMISSION_PCT,MANAGER_ID,DEPARTMENT_ID) values (179,'Charles','Johnson','CJOHNSON','011.44.1644.429262',to_date('04-JAN-00','DD-MON-RR'),'SA_REP',6200,0.1,149,80);
Insert into SEBASTIANFILIPVIRTOPEANU.EMPLOYEES (EMPLOYEE_ID,FIRST_NAME,LAST_NAME,EMAIL,PHONE_NUMBER,HIRE_DATE,JOB_ID,SALARY,COMMISSION_PCT,MANAGER_ID,DEPARTMENT_ID) values (180,'Winston','Taylor','WTAYLOR','650.507.9876',to_date('24-JAN-98','DD-MON-RR'),'SH_CLERK',3200,null,120,50);
Insert into SEBASTIANFILIPVIRTOPEANU.EMPLOYEES (EMPLOYEE_ID,FIRST_NAME,LAST_NAME,EMAIL,PHONE_NUMBER,HIRE_DATE,JOB_ID,SALARY,COMMISSION_PCT,MANAGER_ID,DEPARTMENT_ID) values (181,'Jean','Fleaur','JFLEAUR','650.507.9877',to_date('23-FEB-98','DD-MON-RR'),'SH_CLERK',3100,null,120,50);
Insert into SEBASTIANFILIPVIRTOPEANU.EMPLOYEES (EMPLOYEE_ID,FIRST_NAME,LAST_NAME,EMAIL,PHONE_NUMBER,HIRE_DATE,JOB_ID,SALARY,COMMISSION_PCT,MANAGER_ID,DEPARTMENT_ID) values (182,'Martha','Sullivan','MSULLIVA','650.507.9878',to_date('21-JUN-99','DD-MON-RR'),'SH_CLERK',2500,null,120,50);
Insert into SEBASTIANFILIPVIRTOPEANU.EMPLOYEES (EMPLOYEE_ID,FIRST_NAME,LAST_NAME,EMAIL,PHONE_NUMBER,HIRE_DATE,JOB_ID,SALARY,COMMISSION_PCT,MANAGER_ID,DEPARTMENT_ID) values (183,'Girard','Geoni','GGEONI','650.507.9879',to_date('03-FEB-00','DD-MON-RR'),'SH_CLERK',2800,null,120,50);
Insert into SEBASTIANFILIPVIRTOPEANU.EMPLOYEES (EMPLOYEE_ID,FIRST_NAME,LAST_NAME,EMAIL,PHONE_NUMBER,HIRE_DATE,JOB_ID,SALARY,COMMISSION_PCT,MANAGER_ID,DEPARTMENT_ID) values (184,'Nandita','Sarchand','NSARCHAN','650.509.1876',to_date('27-JAN-96','DD-MON-RR'),'SH_CLERK',4200,null,121,50);
Insert into SEBASTIANFILIPVIRTOPEANU.EMPLOYEES (EMPLOYEE_ID,FIRST_NAME,LAST_NAME,EMAIL,PHONE_NUMBER,HIRE_DATE,JOB_ID,SALARY,COMMISSION_PCT,MANAGER_ID,DEPARTMENT_ID) values (185,'Alexis','Bull','ABULL','650.509.2876',to_date('20-FEB-97','DD-MON-RR'),'SH_CLERK',4100,null,121,50);
Insert into SEBASTIANFILIPVIRTOPEANU.EMPLOYEES (EMPLOYEE_ID,FIRST_NAME,LAST_NAME,EMAIL,PHONE_NUMBER,HIRE_DATE,JOB_ID,SALARY,COMMISSION_PCT,MANAGER_ID,DEPARTMENT_ID) values (186,'Julia','Dellinger','JDELLING','650.509.3876',to_date('24-JUN-98','DD-MON-RR'),'SH_CLERK',3400,null,121,50);
Insert into SEBASTIANFILIPVIRTOPEANU.EMPLOYEES (EMPLOYEE_ID,FIRST_NAME,LAST_NAME,EMAIL,PHONE_NUMBER,HIRE_DATE,JOB_ID,SALARY,COMMISSION_PCT,MANAGER_ID,DEPARTMENT_ID) values (187,'Anthony','Cabrio','ACABRIO','650.509.4876',to_date('07-FEB-99','DD-MON-RR'),'SH_CLERK',3000,null,121,50);
Insert into SEBASTIANFILIPVIRTOPEANU.EMPLOYEES (EMPLOYEE_ID,FIRST_NAME,LAST_NAME,EMAIL,PHONE_NUMBER,HIRE_DATE,JOB_ID,SALARY,COMMISSION_PCT,MANAGER_ID,DEPARTMENT_ID) values (188,'Kelly','Chung','KCHUNG','650.505.1876',to_date('14-JUN-97','DD-MON-RR'),'SH_CLERK',3800,null,122,50);
Insert into SEBASTIANFILIPVIRTOPEANU.EMPLOYEES (EMPLOYEE_ID,FIRST_NAME,LAST_NAME,EMAIL,PHONE_NUMBER,HIRE_DATE,JOB_ID,SALARY,COMMISSION_PCT,MANAGER_ID,DEPARTMENT_ID) values (189,'Jennifer','Dilly','JDILLY','650.505.2876',to_date('13-AUG-97','DD-MON-RR'),'SH_CLERK',3600,null,122,50);
Insert into SEBASTIANFILIPVIRTOPEANU.EMPLOYEES (EMPLOYEE_ID,FIRST_NAME,LAST_NAME,EMAIL,PHONE_NUMBER,HIRE_DATE,JOB_ID,SALARY,COMMISSION_PCT,MANAGER_ID,DEPARTMENT_ID) values (190,'Timothy','Gates','TGATES','650.505.3876',to_date('11-JUL-98','DD-MON-RR'),'SH_CLERK',2900,null,122,50);
Insert into SEBASTIANFILIPVIRTOPEANU.EMPLOYEES (EMPLOYEE_ID,FIRST_NAME,LAST_NAME,EMAIL,PHONE_NUMBER,HIRE_DATE,JOB_ID,SALARY,COMMISSION_PCT,MANAGER_ID,DEPARTMENT_ID) values (191,'Randall','Perkins','RPERKINS','650.505.4876',to_date('19-DEC-99','DD-MON-RR'),'SH_CLERK',2500,null,122,50);
Insert into SEBASTIANFILIPVIRTOPEANU.EMPLOYEES (EMPLOYEE_ID,FIRST_NAME,LAST_NAME,EMAIL,PHONE_NUMBER,HIRE_DATE,JOB_ID,SALARY,COMMISSION_PCT,MANAGER_ID,DEPARTMENT_ID) values (192,'Sarah','Bell','SBELL','650.501.1876',to_date('04-FEB-96','DD-MON-RR'),'SH_CLERK',4000,null,123,50);
Insert into SEBASTIANFILIPVIRTOPEANU.EMPLOYEES (EMPLOYEE_ID,FIRST_NAME,LAST_NAME,EMAIL,PHONE_NUMBER,HIRE_DATE,JOB_ID,SALARY,COMMISSION_PCT,MANAGER_ID,DEPARTMENT_ID) values (193,'Britney','Everett','BEVERETT','650.501.2876',to_date('03-MAR-97','DD-MON-RR'),'SH_CLERK',3900,null,123,50);
Insert into SEBASTIANFILIPVIRTOPEANU.EMPLOYEES (EMPLOYEE_ID,FIRST_NAME,LAST_NAME,EMAIL,PHONE_NUMBER,HIRE_DATE,JOB_ID,SALARY,COMMISSION_PCT,MANAGER_ID,DEPARTMENT_ID) values (194,'Samuel','McCain','SMCCAIN','650.501.3876',to_date('01-JUL-98','DD-MON-RR'),'SH_CLERK',3200,null,123,50);
Insert into SEBASTIANFILIPVIRTOPEANU.EMPLOYEES (EMPLOYEE_ID,FIRST_NAME,LAST_NAME,EMAIL,PHONE_NUMBER,HIRE_DATE,JOB_ID,SALARY,COMMISSION_PCT,MANAGER_ID,DEPARTMENT_ID) values (195,'Vance','Jones','VJONES','650.501.4876',to_date('17-MAR-99','DD-MON-RR'),'SH_CLERK',2800,null,123,50);
Insert into SEBASTIANFILIPVIRTOPEANU.EMPLOYEES (EMPLOYEE_ID,FIRST_NAME,LAST_NAME,EMAIL,PHONE_NUMBER,HIRE_DATE,JOB_ID,SALARY,COMMISSION_PCT,MANAGER_ID,DEPARTMENT_ID) values (196,'Alana','Walsh','AWALSH','650.507.9811',to_date('24-APR-98','DD-MON-RR'),'SH_CLERK',3100,null,124,50);
Insert into SEBASTIANFILIPVIRTOPEANU.EMPLOYEES (EMPLOYEE_ID,FIRST_NAME,LAST_NAME,EMAIL,PHONE_NUMBER,HIRE_DATE,JOB_ID,SALARY,COMMISSION_PCT,MANAGER_ID,DEPARTMENT_ID) values (197,'Kevin','Feeney','KFEENEY','650.507.9822',to_date('23-MAY-98','DD-MON-RR'),'SH_CLERK',3000,null,124,50);
Insert into SEBASTIANFILIPVIRTOPEANU.EMPLOYEES (EMPLOYEE_ID,FIRST_NAME,LAST_NAME,EMAIL,PHONE_NUMBER,HIRE_DATE,JOB_ID,SALARY,COMMISSION_PCT,MANAGER_ID,DEPARTMENT_ID) values (198,'Donald','OConnell','DOCONNEL','650.507.9833',to_date('21-JUN-99','DD-MON-RR'),'SH_CLERK',2600,null,124,50);
Insert into SEBASTIANFILIPVIRTOPEANU.EMPLOYEES (EMPLOYEE_ID,FIRST_NAME,LAST_NAME,EMAIL,PHONE_NUMBER,HIRE_DATE,JOB_ID,SALARY,COMMISSION_PCT,MANAGER_ID,DEPARTMENT_ID) values (199,'Douglas','Grant','DGRANT','650.507.9844',to_date('13-JAN-00','DD-MON-RR'),'SH_CLERK',2600,null,124,50);
Insert into SEBASTIANFILIPVIRTOPEANU.EMPLOYEES (EMPLOYEE_ID,FIRST_NAME,LAST_NAME,EMAIL,PHONE_NUMBER,HIRE_DATE,JOB_ID,SALARY,COMMISSION_PCT,MANAGER_ID,DEPARTMENT_ID) values (200,'Jennifer','Whalen','JWHALEN','515.123.4444',to_date('17-SEP-87','DD-MON-RR'),'AD_ASST',4400,null,101,10);
Insert into SEBASTIANFILIPVIRTOPEANU.EMPLOYEES (EMPLOYEE_ID,FIRST_NAME,LAST_NAME,EMAIL,PHONE_NUMBER,HIRE_DATE,JOB_ID,SALARY,COMMISSION_PCT,MANAGER_ID,DEPARTMENT_ID) values (201,'Michael','Hartstein','MHARTSTE','515.123.5555',to_date('17-FEB-96','DD-MON-RR'),'MK_MAN',13000,null,100,20);
Insert into SEBASTIANFILIPVIRTOPEANU.EMPLOYEES (EMPLOYEE_ID,FIRST_NAME,LAST_NAME,EMAIL,PHONE_NUMBER,HIRE_DATE,JOB_ID,SALARY,COMMISSION_PCT,MANAGER_ID,DEPARTMENT_ID) values (202,'Pat','Fay','PFAY','603.123.6666',to_date('17-AUG-97','DD-MON-RR'),'MK_REP',6000,null,201,20);
Insert into SEBASTIANFILIPVIRTOPEANU.EMPLOYEES (EMPLOYEE_ID,FIRST_NAME,LAST_NAME,EMAIL,PHONE_NUMBER,HIRE_DATE,JOB_ID,SALARY,COMMISSION_PCT,MANAGER_ID,DEPARTMENT_ID) values (203,'Susan','Mavris','SMAVRIS','515.123.7777',to_date('07-JUN-94','DD-MON-RR'),'HR_REP',6500,null,101,40);
Insert into SEBASTIANFILIPVIRTOPEANU.EMPLOYEES (EMPLOYEE_ID,FIRST_NAME,LAST_NAME,EMAIL,PHONE_NUMBER,HIRE_DATE,JOB_ID,SALARY,COMMISSION_PCT,MANAGER_ID,DEPARTMENT_ID) values (204,'Hermann','Baer','HBAER','515.123.8888',to_date('07-JUN-94','DD-MON-RR'),'PR_REP',10000,null,101,70);
Insert into SEBASTIANFILIPVIRTOPEANU.EMPLOYEES (EMPLOYEE_ID,FIRST_NAME,LAST_NAME,EMAIL,PHONE_NUMBER,HIRE_DATE,JOB_ID,SALARY,COMMISSION_PCT,MANAGER_ID,DEPARTMENT_ID) values (205,'Shelley','Higgins','SHIGGINS','515.123.8080',to_date('07-JUN-94','DD-MON-RR'),'AC_MGR',12000,null,101,110);
Insert into SEBASTIANFILIPVIRTOPEANU.EMPLOYEES (EMPLOYEE_ID,FIRST_NAME,LAST_NAME,EMAIL,PHONE_NUMBER,HIRE_DATE,JOB_ID,SALARY,COMMISSION_PCT,MANAGER_ID,DEPARTMENT_ID) values (206,'William','Gietz','WGIETZ','515.123.8181',to_date('07-JUN-94','DD-MON-RR'),'AC_ACCOUNT',8300,null,205,110);
REM INSERTING into SEBASTIANFILIPVIRTOPEANU.EMP_SVI
SET DEFINE OFF;
Insert into SEBASTIANFILIPVIRTOPEANU.EMP_SVI (EMPLOYEE_ID,FIRST_NAME,LAST_NAME,EMAIL,PHONE_NUMBER,HIRE_DATE,JOB_ID,SALARY,COMMISSION_PCT,MANAGER_ID,DEPARTMENT_ID) values (100,'Steven','King','SKING','515.123.4567',to_date('17-JUN-87','DD-MON-RR'),'AD_PRES',24000,null,null,90);
Insert into SEBASTIANFILIPVIRTOPEANU.EMP_SVI (EMPLOYEE_ID,FIRST_NAME,LAST_NAME,EMAIL,PHONE_NUMBER,HIRE_DATE,JOB_ID,SALARY,COMMISSION_PCT,MANAGER_ID,DEPARTMENT_ID) values (101,'Neena','Kochhar','NKOCHHAR','515.123.4568',to_date('21-SEP-89','DD-MON-RR'),'AD_VP',17000,null,100,90);
Insert into SEBASTIANFILIPVIRTOPEANU.EMP_SVI (EMPLOYEE_ID,FIRST_NAME,LAST_NAME,EMAIL,PHONE_NUMBER,HIRE_DATE,JOB_ID,SALARY,COMMISSION_PCT,MANAGER_ID,DEPARTMENT_ID) values (102,'Lex','De Haan','LDEHAAN','515.123.4569',to_date('13-JAN-93','DD-MON-RR'),'AD_VP',17000,null,100,90);
Insert into SEBASTIANFILIPVIRTOPEANU.EMP_SVI (EMPLOYEE_ID,FIRST_NAME,LAST_NAME,EMAIL,PHONE_NUMBER,HIRE_DATE,JOB_ID,SALARY,COMMISSION_PCT,MANAGER_ID,DEPARTMENT_ID) values (103,'Alexander','Hunold','AHUNOLD','590.423.4567',to_date('03-JAN-90','DD-MON-RR'),'IT_PROG',9000,null,102,60);
Insert into SEBASTIANFILIPVIRTOPEANU.EMP_SVI (EMPLOYEE_ID,FIRST_NAME,LAST_NAME,EMAIL,PHONE_NUMBER,HIRE_DATE,JOB_ID,SALARY,COMMISSION_PCT,MANAGER_ID,DEPARTMENT_ID) values (104,'Bruce','Ernst','BERNST','590.423.4568',to_date('21-MAY-91','DD-MON-RR'),'IT_PROG',6000,null,103,60);
Insert into SEBASTIANFILIPVIRTOPEANU.EMP_SVI (EMPLOYEE_ID,FIRST_NAME,LAST_NAME,EMAIL,PHONE_NUMBER,HIRE_DATE,JOB_ID,SALARY,COMMISSION_PCT,MANAGER_ID,DEPARTMENT_ID) values (105,'David','Austin','DAUSTIN','590.423.4569',to_date('25-JUN-97','DD-MON-RR'),'IT_PROG',4800,null,103,60);
Insert into SEBASTIANFILIPVIRTOPEANU.EMP_SVI (EMPLOYEE_ID,FIRST_NAME,LAST_NAME,EMAIL,PHONE_NUMBER,HIRE_DATE,JOB_ID,SALARY,COMMISSION_PCT,MANAGER_ID,DEPARTMENT_ID) values (106,'Valli','Pataballa','VPATABAL','590.423.4560',to_date('05-FEB-98','DD-MON-RR'),'IT_PROG',4800,null,103,60);
Insert into SEBASTIANFILIPVIRTOPEANU.EMP_SVI (EMPLOYEE_ID,FIRST_NAME,LAST_NAME,EMAIL,PHONE_NUMBER,HIRE_DATE,JOB_ID,SALARY,COMMISSION_PCT,MANAGER_ID,DEPARTMENT_ID) values (107,'Diana','Lorentz','DLORENTZ','590.423.5567',to_date('07-FEB-99','DD-MON-RR'),'IT_PROG',4200,null,103,60);
Insert into SEBASTIANFILIPVIRTOPEANU.EMP_SVI (EMPLOYEE_ID,FIRST_NAME,LAST_NAME,EMAIL,PHONE_NUMBER,HIRE_DATE,JOB_ID,SALARY,COMMISSION_PCT,MANAGER_ID,DEPARTMENT_ID) values (108,'Nancy','Greenberg','NGREENBE','515.124.4569',to_date('17-AUG-94','DD-MON-RR'),'FI_MGR',12000,null,101,100);
Insert into SEBASTIANFILIPVIRTOPEANU.EMP_SVI (EMPLOYEE_ID,FIRST_NAME,LAST_NAME,EMAIL,PHONE_NUMBER,HIRE_DATE,JOB_ID,SALARY,COMMISSION_PCT,MANAGER_ID,DEPARTMENT_ID) values (109,'Daniel','Faviet','DFAVIET','515.124.4169',to_date('16-AUG-94','DD-MON-RR'),'FI_ACCOUNT',9000,null,108,100);
Insert into SEBASTIANFILIPVIRTOPEANU.EMP_SVI (EMPLOYEE_ID,FIRST_NAME,LAST_NAME,EMAIL,PHONE_NUMBER,HIRE_DATE,JOB_ID,SALARY,COMMISSION_PCT,MANAGER_ID,DEPARTMENT_ID) values (110,'John','Chen','JCHEN','515.124.4269',to_date('28-SEP-97','DD-MON-RR'),'FI_ACCOUNT',8200,null,108,100);
Insert into SEBASTIANFILIPVIRTOPEANU.EMP_SVI (EMPLOYEE_ID,FIRST_NAME,LAST_NAME,EMAIL,PHONE_NUMBER,HIRE_DATE,JOB_ID,SALARY,COMMISSION_PCT,MANAGER_ID,DEPARTMENT_ID) values (111,'Ismael','Sciarra','ISCIARRA','515.124.4369',to_date('30-SEP-97','DD-MON-RR'),'FI_ACCOUNT',7700,null,108,100);
Insert into SEBASTIANFILIPVIRTOPEANU.EMP_SVI (EMPLOYEE_ID,FIRST_NAME,LAST_NAME,EMAIL,PHONE_NUMBER,HIRE_DATE,JOB_ID,SALARY,COMMISSION_PCT,MANAGER_ID,DEPARTMENT_ID) values (112,'Jose Manuel','Urman','JMURMAN','515.124.4469',to_date('07-MAR-98','DD-MON-RR'),'FI_ACCOUNT',7800,null,108,100);
Insert into SEBASTIANFILIPVIRTOPEANU.EMP_SVI (EMPLOYEE_ID,FIRST_NAME,LAST_NAME,EMAIL,PHONE_NUMBER,HIRE_DATE,JOB_ID,SALARY,COMMISSION_PCT,MANAGER_ID,DEPARTMENT_ID) values (113,'Luis','Popp','LPOPP','515.124.4567',to_date('07-DEC-99','DD-MON-RR'),'FI_ACCOUNT',6900,null,108,100);
Insert into SEBASTIANFILIPVIRTOPEANU.EMP_SVI (EMPLOYEE_ID,FIRST_NAME,LAST_NAME,EMAIL,PHONE_NUMBER,HIRE_DATE,JOB_ID,SALARY,COMMISSION_PCT,MANAGER_ID,DEPARTMENT_ID) values (114,'Den','Raphaely','DRAPHEAL','515.127.4561',to_date('07-DEC-94','DD-MON-RR'),'PU_MAN',11000,null,100,30);
Insert into SEBASTIANFILIPVIRTOPEANU.EMP_SVI (EMPLOYEE_ID,FIRST_NAME,LAST_NAME,EMAIL,PHONE_NUMBER,HIRE_DATE,JOB_ID,SALARY,COMMISSION_PCT,MANAGER_ID,DEPARTMENT_ID) values (115,'Alexander','Khoo','AKHOO','515.127.4562',to_date('18-MAY-95','DD-MON-RR'),'PU_CLERK',3100,null,114,30);
Insert into SEBASTIANFILIPVIRTOPEANU.EMP_SVI (EMPLOYEE_ID,FIRST_NAME,LAST_NAME,EMAIL,PHONE_NUMBER,HIRE_DATE,JOB_ID,SALARY,COMMISSION_PCT,MANAGER_ID,DEPARTMENT_ID) values (116,'Shelli','Baida','SBAIDA','515.127.4563',to_date('24-DEC-97','DD-MON-RR'),'PU_CLERK',2900,null,114,30);
Insert into SEBASTIANFILIPVIRTOPEANU.EMP_SVI (EMPLOYEE_ID,FIRST_NAME,LAST_NAME,EMAIL,PHONE_NUMBER,HIRE_DATE,JOB_ID,SALARY,COMMISSION_PCT,MANAGER_ID,DEPARTMENT_ID) values (117,'Sigal','Tobias','STOBIAS','515.127.4564',to_date('24-JUL-97','DD-MON-RR'),'PU_CLERK',2800,null,114,30);
Insert into SEBASTIANFILIPVIRTOPEANU.EMP_SVI (EMPLOYEE_ID,FIRST_NAME,LAST_NAME,EMAIL,PHONE_NUMBER,HIRE_DATE,JOB_ID,SALARY,COMMISSION_PCT,MANAGER_ID,DEPARTMENT_ID) values (118,'Guy','Himuro','GHIMURO','515.127.4565',to_date('15-NOV-98','DD-MON-RR'),'PU_CLERK',2600,null,114,30);
Insert into SEBASTIANFILIPVIRTOPEANU.EMP_SVI (EMPLOYEE_ID,FIRST_NAME,LAST_NAME,EMAIL,PHONE_NUMBER,HIRE_DATE,JOB_ID,SALARY,COMMISSION_PCT,MANAGER_ID,DEPARTMENT_ID) values (119,'Karen','Colmenares','KCOLMENA','515.127.4566',to_date('10-AUG-99','DD-MON-RR'),'PU_CLERK',2500,null,114,30);
Insert into SEBASTIANFILIPVIRTOPEANU.EMP_SVI (EMPLOYEE_ID,FIRST_NAME,LAST_NAME,EMAIL,PHONE_NUMBER,HIRE_DATE,JOB_ID,SALARY,COMMISSION_PCT,MANAGER_ID,DEPARTMENT_ID) values (120,'Matthew','Weiss','MWEISS','650.123.1234',to_date('18-JUL-96','DD-MON-RR'),'ST_MAN',8000,null,100,50);
Insert into SEBASTIANFILIPVIRTOPEANU.EMP_SVI (EMPLOYEE_ID,FIRST_NAME,LAST_NAME,EMAIL,PHONE_NUMBER,HIRE_DATE,JOB_ID,SALARY,COMMISSION_PCT,MANAGER_ID,DEPARTMENT_ID) values (121,'Adam','Fripp','AFRIPP','650.123.2234',to_date('10-APR-97','DD-MON-RR'),'ST_MAN',8200,null,100,50);
Insert into SEBASTIANFILIPVIRTOPEANU.EMP_SVI (EMPLOYEE_ID,FIRST_NAME,LAST_NAME,EMAIL,PHONE_NUMBER,HIRE_DATE,JOB_ID,SALARY,COMMISSION_PCT,MANAGER_ID,DEPARTMENT_ID) values (122,'Payam','Kaufling','PKAUFLIN','650.123.3234',to_date('01-MAY-95','DD-MON-RR'),'ST_MAN',7900,null,100,50);
Insert into SEBASTIANFILIPVIRTOPEANU.EMP_SVI (EMPLOYEE_ID,FIRST_NAME,LAST_NAME,EMAIL,PHONE_NUMBER,HIRE_DATE,JOB_ID,SALARY,COMMISSION_PCT,MANAGER_ID,DEPARTMENT_ID) values (123,'Shanta','Vollman','SVOLLMAN','650.123.4234',to_date('10-OCT-97','DD-MON-RR'),'ST_MAN',6500,null,100,50);
Insert into SEBASTIANFILIPVIRTOPEANU.EMP_SVI (EMPLOYEE_ID,FIRST_NAME,LAST_NAME,EMAIL,PHONE_NUMBER,HIRE_DATE,JOB_ID,SALARY,COMMISSION_PCT,MANAGER_ID,DEPARTMENT_ID) values (124,'Kevin','Mourgos','KMOURGOS','650.123.5234',to_date('16-NOV-99','DD-MON-RR'),'ST_MAN',5800,null,100,50);
Insert into SEBASTIANFILIPVIRTOPEANU.EMP_SVI (EMPLOYEE_ID,FIRST_NAME,LAST_NAME,EMAIL,PHONE_NUMBER,HIRE_DATE,JOB_ID,SALARY,COMMISSION_PCT,MANAGER_ID,DEPARTMENT_ID) values (125,'Julia','Nayer','JNAYER','650.124.1214',to_date('16-JUL-97','DD-MON-RR'),'ST_CLERK',3200,null,120,50);
Insert into SEBASTIANFILIPVIRTOPEANU.EMP_SVI (EMPLOYEE_ID,FIRST_NAME,LAST_NAME,EMAIL,PHONE_NUMBER,HIRE_DATE,JOB_ID,SALARY,COMMISSION_PCT,MANAGER_ID,DEPARTMENT_ID) values (126,'Irene','Mikkilineni','IMIKKILI','650.124.1224',to_date('28-SEP-98','DD-MON-RR'),'ST_CLERK',2700,null,120,50);
Insert into SEBASTIANFILIPVIRTOPEANU.EMP_SVI (EMPLOYEE_ID,FIRST_NAME,LAST_NAME,EMAIL,PHONE_NUMBER,HIRE_DATE,JOB_ID,SALARY,COMMISSION_PCT,MANAGER_ID,DEPARTMENT_ID) values (127,'James','Landry','JLANDRY','650.124.1334',to_date('14-JAN-99','DD-MON-RR'),'ST_CLERK',2400,null,120,50);
Insert into SEBASTIANFILIPVIRTOPEANU.EMP_SVI (EMPLOYEE_ID,FIRST_NAME,LAST_NAME,EMAIL,PHONE_NUMBER,HIRE_DATE,JOB_ID,SALARY,COMMISSION_PCT,MANAGER_ID,DEPARTMENT_ID) values (128,'Steven','Markle','SMARKLE','650.124.1434',to_date('08-MAR-00','DD-MON-RR'),'ST_CLERK',2200,null,120,50);
Insert into SEBASTIANFILIPVIRTOPEANU.EMP_SVI (EMPLOYEE_ID,FIRST_NAME,LAST_NAME,EMAIL,PHONE_NUMBER,HIRE_DATE,JOB_ID,SALARY,COMMISSION_PCT,MANAGER_ID,DEPARTMENT_ID) values (129,'Laura','Bissot','LBISSOT','650.124.5234',to_date('20-AUG-97','DD-MON-RR'),'ST_CLERK',3300,null,121,50);
Insert into SEBASTIANFILIPVIRTOPEANU.EMP_SVI (EMPLOYEE_ID,FIRST_NAME,LAST_NAME,EMAIL,PHONE_NUMBER,HIRE_DATE,JOB_ID,SALARY,COMMISSION_PCT,MANAGER_ID,DEPARTMENT_ID) values (130,'Mozhe','Atkinson','MATKINSO','650.124.6234',to_date('30-OCT-97','DD-MON-RR'),'ST_CLERK',2800,null,121,50);
Insert into SEBASTIANFILIPVIRTOPEANU.EMP_SVI (EMPLOYEE_ID,FIRST_NAME,LAST_NAME,EMAIL,PHONE_NUMBER,HIRE_DATE,JOB_ID,SALARY,COMMISSION_PCT,MANAGER_ID,DEPARTMENT_ID) values (131,'James','Marlow','JAMRLOW','650.124.7234',to_date('16-FEB-97','DD-MON-RR'),'ST_CLERK',2500,null,121,50);
Insert into SEBASTIANFILIPVIRTOPEANU.EMP_SVI (EMPLOYEE_ID,FIRST_NAME,LAST_NAME,EMAIL,PHONE_NUMBER,HIRE_DATE,JOB_ID,SALARY,COMMISSION_PCT,MANAGER_ID,DEPARTMENT_ID) values (132,'TJ','Olson','TJOLSON','650.124.8234',to_date('10-APR-99','DD-MON-RR'),'ST_CLERK',2100,null,121,50);
Insert into SEBASTIANFILIPVIRTOPEANU.EMP_SVI (EMPLOYEE_ID,FIRST_NAME,LAST_NAME,EMAIL,PHONE_NUMBER,HIRE_DATE,JOB_ID,SALARY,COMMISSION_PCT,MANAGER_ID,DEPARTMENT_ID) values (133,'Jason','Mallin','JMALLIN','650.127.1934',to_date('14-JUN-96','DD-MON-RR'),'ST_CLERK',3300,null,122,50);
Insert into SEBASTIANFILIPVIRTOPEANU.EMP_SVI (EMPLOYEE_ID,FIRST_NAME,LAST_NAME,EMAIL,PHONE_NUMBER,HIRE_DATE,JOB_ID,SALARY,COMMISSION_PCT,MANAGER_ID,DEPARTMENT_ID) values (134,'Michael','Rogers','MROGERS','650.127.1834',to_date('26-AUG-98','DD-MON-RR'),'ST_CLERK',2900,null,122,50);
Insert into SEBASTIANFILIPVIRTOPEANU.EMP_SVI (EMPLOYEE_ID,FIRST_NAME,LAST_NAME,EMAIL,PHONE_NUMBER,HIRE_DATE,JOB_ID,SALARY,COMMISSION_PCT,MANAGER_ID,DEPARTMENT_ID) values (135,'Ki','Gee','KGEE','650.127.1734',to_date('12-DEC-99','DD-MON-RR'),'ST_CLERK',2400,null,122,50);
Insert into SEBASTIANFILIPVIRTOPEANU.EMP_SVI (EMPLOYEE_ID,FIRST_NAME,LAST_NAME,EMAIL,PHONE_NUMBER,HIRE_DATE,JOB_ID,SALARY,COMMISSION_PCT,MANAGER_ID,DEPARTMENT_ID) values (136,'Hazel','Philtanker','HPHILTAN','650.127.1634',to_date('06-FEB-00','DD-MON-RR'),'ST_CLERK',2200,null,122,50);
Insert into SEBASTIANFILIPVIRTOPEANU.EMP_SVI (EMPLOYEE_ID,FIRST_NAME,LAST_NAME,EMAIL,PHONE_NUMBER,HIRE_DATE,JOB_ID,SALARY,COMMISSION_PCT,MANAGER_ID,DEPARTMENT_ID) values (137,'Renske','Ladwig','RLADWIG','650.121.1234',to_date('14-JUL-95','DD-MON-RR'),'ST_CLERK',3600,null,123,50);
Insert into SEBASTIANFILIPVIRTOPEANU.EMP_SVI (EMPLOYEE_ID,FIRST_NAME,LAST_NAME,EMAIL,PHONE_NUMBER,HIRE_DATE,JOB_ID,SALARY,COMMISSION_PCT,MANAGER_ID,DEPARTMENT_ID) values (138,'Stephen','Stiles','SSTILES','650.121.2034',to_date('26-OCT-97','DD-MON-RR'),'ST_CLERK',3200,null,123,50);
Insert into SEBASTIANFILIPVIRTOPEANU.EMP_SVI (EMPLOYEE_ID,FIRST_NAME,LAST_NAME,EMAIL,PHONE_NUMBER,HIRE_DATE,JOB_ID,SALARY,COMMISSION_PCT,MANAGER_ID,DEPARTMENT_ID) values (139,'John','Seo','JSEO','650.121.2019',to_date('12-FEB-98','DD-MON-RR'),'ST_CLERK',2700,null,123,50);
Insert into SEBASTIANFILIPVIRTOPEANU.EMP_SVI (EMPLOYEE_ID,FIRST_NAME,LAST_NAME,EMAIL,PHONE_NUMBER,HIRE_DATE,JOB_ID,SALARY,COMMISSION_PCT,MANAGER_ID,DEPARTMENT_ID) values (140,'Joshua','Patel','JPATEL','650.121.1834',to_date('06-APR-98','DD-MON-RR'),'ST_CLERK',2500,null,123,50);
Insert into SEBASTIANFILIPVIRTOPEANU.EMP_SVI (EMPLOYEE_ID,FIRST_NAME,LAST_NAME,EMAIL,PHONE_NUMBER,HIRE_DATE,JOB_ID,SALARY,COMMISSION_PCT,MANAGER_ID,DEPARTMENT_ID) values (141,'Trenna','Rajs','TRAJS','650.121.8009',to_date('17-OCT-95','DD-MON-RR'),'ST_CLERK',3500,null,124,50);
Insert into SEBASTIANFILIPVIRTOPEANU.EMP_SVI (EMPLOYEE_ID,FIRST_NAME,LAST_NAME,EMAIL,PHONE_NUMBER,HIRE_DATE,JOB_ID,SALARY,COMMISSION_PCT,MANAGER_ID,DEPARTMENT_ID) values (142,'Curtis','Davies','CDAVIES','650.121.2994',to_date('29-JAN-97','DD-MON-RR'),'ST_CLERK',3100,null,124,50);
Insert into SEBASTIANFILIPVIRTOPEANU.EMP_SVI (EMPLOYEE_ID,FIRST_NAME,LAST_NAME,EMAIL,PHONE_NUMBER,HIRE_DATE,JOB_ID,SALARY,COMMISSION_PCT,MANAGER_ID,DEPARTMENT_ID) values (143,'Randall','Matos','RMATOS','650.121.2874',to_date('15-MAR-98','DD-MON-RR'),'ST_CLERK',2600,null,124,50);
Insert into SEBASTIANFILIPVIRTOPEANU.EMP_SVI (EMPLOYEE_ID,FIRST_NAME,LAST_NAME,EMAIL,PHONE_NUMBER,HIRE_DATE,JOB_ID,SALARY,COMMISSION_PCT,MANAGER_ID,DEPARTMENT_ID) values (144,'Peter','Vargas','PVARGAS','650.121.2004',to_date('09-JUL-98','DD-MON-RR'),'ST_CLERK',2500,null,124,50);
Insert into SEBASTIANFILIPVIRTOPEANU.EMP_SVI (EMPLOYEE_ID,FIRST_NAME,LAST_NAME,EMAIL,PHONE_NUMBER,HIRE_DATE,JOB_ID,SALARY,COMMISSION_PCT,MANAGER_ID,DEPARTMENT_ID) values (145,'John','Russell','JRUSSEL','011.44.1344.429268',to_date('01-OCT-96','DD-MON-RR'),'SA_MAN',14000,0.4,100,80);
Insert into SEBASTIANFILIPVIRTOPEANU.EMP_SVI (EMPLOYEE_ID,FIRST_NAME,LAST_NAME,EMAIL,PHONE_NUMBER,HIRE_DATE,JOB_ID,SALARY,COMMISSION_PCT,MANAGER_ID,DEPARTMENT_ID) values (146,'Karen','Partners','KPARTNER','011.44.1344.467268',to_date('05-JAN-97','DD-MON-RR'),'SA_MAN',13500,0.3,100,80);
Insert into SEBASTIANFILIPVIRTOPEANU.EMP_SVI (EMPLOYEE_ID,FIRST_NAME,LAST_NAME,EMAIL,PHONE_NUMBER,HIRE_DATE,JOB_ID,SALARY,COMMISSION_PCT,MANAGER_ID,DEPARTMENT_ID) values (147,'Alberto','Errazuriz','AERRAZUR','011.44.1344.429278',to_date('10-MAR-97','DD-MON-RR'),'SA_MAN',12000,0.3,100,80);
Insert into SEBASTIANFILIPVIRTOPEANU.EMP_SVI (EMPLOYEE_ID,FIRST_NAME,LAST_NAME,EMAIL,PHONE_NUMBER,HIRE_DATE,JOB_ID,SALARY,COMMISSION_PCT,MANAGER_ID,DEPARTMENT_ID) values (148,'Gerald','Cambrault','GCAMBRAU','011.44.1344.619268',to_date('15-OCT-99','DD-MON-RR'),'SA_MAN',11000,0.3,100,80);
Insert into SEBASTIANFILIPVIRTOPEANU.EMP_SVI (EMPLOYEE_ID,FIRST_NAME,LAST_NAME,EMAIL,PHONE_NUMBER,HIRE_DATE,JOB_ID,SALARY,COMMISSION_PCT,MANAGER_ID,DEPARTMENT_ID) values (149,'Eleni','Zlotkey','EZLOTKEY','011.44.1344.429018',to_date('29-JAN-00','DD-MON-RR'),'SA_MAN',10500,0.2,100,80);
Insert into SEBASTIANFILIPVIRTOPEANU.EMP_SVI (EMPLOYEE_ID,FIRST_NAME,LAST_NAME,EMAIL,PHONE_NUMBER,HIRE_DATE,JOB_ID,SALARY,COMMISSION_PCT,MANAGER_ID,DEPARTMENT_ID) values (150,'Peter','Tucker','PTUCKER','011.44.1344.129268',to_date('30-JAN-97','DD-MON-RR'),'SA_REP',10000,0.3,145,80);
Insert into SEBASTIANFILIPVIRTOPEANU.EMP_SVI (EMPLOYEE_ID,FIRST_NAME,LAST_NAME,EMAIL,PHONE_NUMBER,HIRE_DATE,JOB_ID,SALARY,COMMISSION_PCT,MANAGER_ID,DEPARTMENT_ID) values (151,'David','Bernstein','DBERNSTE','011.44.1344.345268',to_date('24-MAR-97','DD-MON-RR'),'SA_REP',9500,0.25,145,80);
Insert into SEBASTIANFILIPVIRTOPEANU.EMP_SVI (EMPLOYEE_ID,FIRST_NAME,LAST_NAME,EMAIL,PHONE_NUMBER,HIRE_DATE,JOB_ID,SALARY,COMMISSION_PCT,MANAGER_ID,DEPARTMENT_ID) values (152,'Peter','Hall','PHALL','011.44.1344.478968',to_date('20-AUG-97','DD-MON-RR'),'SA_REP',9000,0.25,145,80);
Insert into SEBASTIANFILIPVIRTOPEANU.EMP_SVI (EMPLOYEE_ID,FIRST_NAME,LAST_NAME,EMAIL,PHONE_NUMBER,HIRE_DATE,JOB_ID,SALARY,COMMISSION_PCT,MANAGER_ID,DEPARTMENT_ID) values (153,'Christopher','Olsen','COLSEN','011.44.1344.498718',to_date('30-MAR-98','DD-MON-RR'),'SA_REP',8000,0.2,145,80);
Insert into SEBASTIANFILIPVIRTOPEANU.EMP_SVI (EMPLOYEE_ID,FIRST_NAME,LAST_NAME,EMAIL,PHONE_NUMBER,HIRE_DATE,JOB_ID,SALARY,COMMISSION_PCT,MANAGER_ID,DEPARTMENT_ID) values (154,'Nanette','Cambrault','NCAMBRAU','011.44.1344.987668',to_date('09-DEC-98','DD-MON-RR'),'SA_REP',7500,0.2,145,80);
Insert into SEBASTIANFILIPVIRTOPEANU.EMP_SVI (EMPLOYEE_ID,FIRST_NAME,LAST_NAME,EMAIL,PHONE_NUMBER,HIRE_DATE,JOB_ID,SALARY,COMMISSION_PCT,MANAGER_ID,DEPARTMENT_ID) values (155,'Oliver','Tuvault','OTUVAULT','011.44.1344.486508',to_date('23-NOV-99','DD-MON-RR'),'SA_REP',7000,0.15,145,80);
Insert into SEBASTIANFILIPVIRTOPEANU.EMP_SVI (EMPLOYEE_ID,FIRST_NAME,LAST_NAME,EMAIL,PHONE_NUMBER,HIRE_DATE,JOB_ID,SALARY,COMMISSION_PCT,MANAGER_ID,DEPARTMENT_ID) values (156,'Janette','King','JKING','011.44.1345.429268',to_date('30-JAN-96','DD-MON-RR'),'SA_REP',10000,0.35,146,80);
Insert into SEBASTIANFILIPVIRTOPEANU.EMP_SVI (EMPLOYEE_ID,FIRST_NAME,LAST_NAME,EMAIL,PHONE_NUMBER,HIRE_DATE,JOB_ID,SALARY,COMMISSION_PCT,MANAGER_ID,DEPARTMENT_ID) values (157,'Patrick','Sully','PSULLY','011.44.1345.929268',to_date('04-MAR-96','DD-MON-RR'),'SA_REP',9500,0.35,146,80);
Insert into SEBASTIANFILIPVIRTOPEANU.EMP_SVI (EMPLOYEE_ID,FIRST_NAME,LAST_NAME,EMAIL,PHONE_NUMBER,HIRE_DATE,JOB_ID,SALARY,COMMISSION_PCT,MANAGER_ID,DEPARTMENT_ID) values (158,'Allan','McEwen','AMCEWEN','011.44.1345.829268',to_date('01-AUG-96','DD-MON-RR'),'SA_REP',9000,0.35,146,80);
Insert into SEBASTIANFILIPVIRTOPEANU.EMP_SVI (EMPLOYEE_ID,FIRST_NAME,LAST_NAME,EMAIL,PHONE_NUMBER,HIRE_DATE,JOB_ID,SALARY,COMMISSION_PCT,MANAGER_ID,DEPARTMENT_ID) values (159,'Lindsey','Smith','LSMITH','011.44.1345.729268',to_date('10-MAR-97','DD-MON-RR'),'SA_REP',8000,0.3,146,80);
Insert into SEBASTIANFILIPVIRTOPEANU.EMP_SVI (EMPLOYEE_ID,FIRST_NAME,LAST_NAME,EMAIL,PHONE_NUMBER,HIRE_DATE,JOB_ID,SALARY,COMMISSION_PCT,MANAGER_ID,DEPARTMENT_ID) values (160,'Louise','Doran','LDORAN','011.44.1345.629268',to_date('15-DEC-97','DD-MON-RR'),'SA_REP',7500,0.3,146,80);
Insert into SEBASTIANFILIPVIRTOPEANU.EMP_SVI (EMPLOYEE_ID,FIRST_NAME,LAST_NAME,EMAIL,PHONE_NUMBER,HIRE_DATE,JOB_ID,SALARY,COMMISSION_PCT,MANAGER_ID,DEPARTMENT_ID) values (161,'Sarath','Sewall','SSEWALL','011.44.1345.529268',to_date('03-NOV-98','DD-MON-RR'),'SA_REP',7000,0.25,146,80);
Insert into SEBASTIANFILIPVIRTOPEANU.EMP_SVI (EMPLOYEE_ID,FIRST_NAME,LAST_NAME,EMAIL,PHONE_NUMBER,HIRE_DATE,JOB_ID,SALARY,COMMISSION_PCT,MANAGER_ID,DEPARTMENT_ID) values (162,'Clara','Vishney','CVISHNEY','011.44.1346.129268',to_date('11-NOV-97','DD-MON-RR'),'SA_REP',10500,0.25,147,80);
Insert into SEBASTIANFILIPVIRTOPEANU.EMP_SVI (EMPLOYEE_ID,FIRST_NAME,LAST_NAME,EMAIL,PHONE_NUMBER,HIRE_DATE,JOB_ID,SALARY,COMMISSION_PCT,MANAGER_ID,DEPARTMENT_ID) values (163,'Danielle','Greene','DGREENE','011.44.1346.229268',to_date('19-MAR-99','DD-MON-RR'),'SA_REP',9500,0.15,147,80);
Insert into SEBASTIANFILIPVIRTOPEANU.EMP_SVI (EMPLOYEE_ID,FIRST_NAME,LAST_NAME,EMAIL,PHONE_NUMBER,HIRE_DATE,JOB_ID,SALARY,COMMISSION_PCT,MANAGER_ID,DEPARTMENT_ID) values (164,'Mattea','Marvins','MMARVINS','011.44.1346.329268',to_date('24-JAN-00','DD-MON-RR'),'SA_REP',7200,0.1,147,80);
Insert into SEBASTIANFILIPVIRTOPEANU.EMP_SVI (EMPLOYEE_ID,FIRST_NAME,LAST_NAME,EMAIL,PHONE_NUMBER,HIRE_DATE,JOB_ID,SALARY,COMMISSION_PCT,MANAGER_ID,DEPARTMENT_ID) values (165,'David','Lee','DLEE','011.44.1346.529268',to_date('23-FEB-00','DD-MON-RR'),'SA_REP',6800,0.1,147,80);
Insert into SEBASTIANFILIPVIRTOPEANU.EMP_SVI (EMPLOYEE_ID,FIRST_NAME,LAST_NAME,EMAIL,PHONE_NUMBER,HIRE_DATE,JOB_ID,SALARY,COMMISSION_PCT,MANAGER_ID,DEPARTMENT_ID) values (166,'Sundar','Ande','SANDE','011.44.1346.629268',to_date('24-MAR-00','DD-MON-RR'),'SA_REP',6400,0.1,147,80);
Insert into SEBASTIANFILIPVIRTOPEANU.EMP_SVI (EMPLOYEE_ID,FIRST_NAME,LAST_NAME,EMAIL,PHONE_NUMBER,HIRE_DATE,JOB_ID,SALARY,COMMISSION_PCT,MANAGER_ID,DEPARTMENT_ID) values (167,'Amit','Banda','ABANDA','011.44.1346.729268',to_date('21-APR-00','DD-MON-RR'),'SA_REP',6200,0.1,147,80);
Insert into SEBASTIANFILIPVIRTOPEANU.EMP_SVI (EMPLOYEE_ID,FIRST_NAME,LAST_NAME,EMAIL,PHONE_NUMBER,HIRE_DATE,JOB_ID,SALARY,COMMISSION_PCT,MANAGER_ID,DEPARTMENT_ID) values (168,'Lisa','Ozer','LOZER','011.44.1343.929268',to_date('11-MAR-97','DD-MON-RR'),'SA_REP',11500,0.25,148,80);
Insert into SEBASTIANFILIPVIRTOPEANU.EMP_SVI (EMPLOYEE_ID,FIRST_NAME,LAST_NAME,EMAIL,PHONE_NUMBER,HIRE_DATE,JOB_ID,SALARY,COMMISSION_PCT,MANAGER_ID,DEPARTMENT_ID) values (169,'Harrison','Bloom','HBLOOM','011.44.1343.829268',to_date('23-MAR-98','DD-MON-RR'),'SA_REP',10000,0.2,148,80);
Insert into SEBASTIANFILIPVIRTOPEANU.EMP_SVI (EMPLOYEE_ID,FIRST_NAME,LAST_NAME,EMAIL,PHONE_NUMBER,HIRE_DATE,JOB_ID,SALARY,COMMISSION_PCT,MANAGER_ID,DEPARTMENT_ID) values (170,'Tayler','Fox','TFOX','011.44.1343.729268',to_date('24-JAN-98','DD-MON-RR'),'SA_REP',9600,0.2,148,80);
Insert into SEBASTIANFILIPVIRTOPEANU.EMP_SVI (EMPLOYEE_ID,FIRST_NAME,LAST_NAME,EMAIL,PHONE_NUMBER,HIRE_DATE,JOB_ID,SALARY,COMMISSION_PCT,MANAGER_ID,DEPARTMENT_ID) values (171,'William','Smith','WSMITH','011.44.1343.629268',to_date('23-FEB-99','DD-MON-RR'),'SA_REP',7400,0.15,148,80);
Insert into SEBASTIANFILIPVIRTOPEANU.EMP_SVI (EMPLOYEE_ID,FIRST_NAME,LAST_NAME,EMAIL,PHONE_NUMBER,HIRE_DATE,JOB_ID,SALARY,COMMISSION_PCT,MANAGER_ID,DEPARTMENT_ID) values (172,'Elizabeth','Bates','EBATES','011.44.1343.529268',to_date('24-MAR-99','DD-MON-RR'),'SA_REP',7300,0.15,148,80);
Insert into SEBASTIANFILIPVIRTOPEANU.EMP_SVI (EMPLOYEE_ID,FIRST_NAME,LAST_NAME,EMAIL,PHONE_NUMBER,HIRE_DATE,JOB_ID,SALARY,COMMISSION_PCT,MANAGER_ID,DEPARTMENT_ID) values (173,'Sundita','Kumar','SKUMAR','011.44.1343.329268',to_date('21-APR-00','DD-MON-RR'),'SA_REP',6100,0.1,148,80);
Insert into SEBASTIANFILIPVIRTOPEANU.EMP_SVI (EMPLOYEE_ID,FIRST_NAME,LAST_NAME,EMAIL,PHONE_NUMBER,HIRE_DATE,JOB_ID,SALARY,COMMISSION_PCT,MANAGER_ID,DEPARTMENT_ID) values (174,'Ellen','Abel','EABEL','011.44.1644.429267',to_date('11-MAY-96','DD-MON-RR'),'SA_REP',11000,0.3,149,80);
Insert into SEBASTIANFILIPVIRTOPEANU.EMP_SVI (EMPLOYEE_ID,FIRST_NAME,LAST_NAME,EMAIL,PHONE_NUMBER,HIRE_DATE,JOB_ID,SALARY,COMMISSION_PCT,MANAGER_ID,DEPARTMENT_ID) values (175,'Alyssa','Hutton','AHUTTON','011.44.1644.429266',to_date('19-MAR-97','DD-MON-RR'),'SA_REP',8800,0.25,149,80);
Insert into SEBASTIANFILIPVIRTOPEANU.EMP_SVI (EMPLOYEE_ID,FIRST_NAME,LAST_NAME,EMAIL,PHONE_NUMBER,HIRE_DATE,JOB_ID,SALARY,COMMISSION_PCT,MANAGER_ID,DEPARTMENT_ID) values (176,'Jonathon','Taylor','JTAYLOR','011.44.1644.429265',to_date('24-MAR-98','DD-MON-RR'),'SA_REP',8600,0.2,149,80);
Insert into SEBASTIANFILIPVIRTOPEANU.EMP_SVI (EMPLOYEE_ID,FIRST_NAME,LAST_NAME,EMAIL,PHONE_NUMBER,HIRE_DATE,JOB_ID,SALARY,COMMISSION_PCT,MANAGER_ID,DEPARTMENT_ID) values (177,'Jack','Livingston','JLIVINGS','011.44.1644.429264',to_date('23-APR-98','DD-MON-RR'),'SA_REP',8400,0.2,149,80);
Insert into SEBASTIANFILIPVIRTOPEANU.EMP_SVI (EMPLOYEE_ID,FIRST_NAME,LAST_NAME,EMAIL,PHONE_NUMBER,HIRE_DATE,JOB_ID,SALARY,COMMISSION_PCT,MANAGER_ID,DEPARTMENT_ID) values (178,'Kimberely','Grant','KGRANT','011.44.1644.429263',to_date('24-MAY-99','DD-MON-RR'),'SA_REP',7000,0.15,149,null);
Insert into SEBASTIANFILIPVIRTOPEANU.EMP_SVI (EMPLOYEE_ID,FIRST_NAME,LAST_NAME,EMAIL,PHONE_NUMBER,HIRE_DATE,JOB_ID,SALARY,COMMISSION_PCT,MANAGER_ID,DEPARTMENT_ID) values (179,'Charles','Johnson','CJOHNSON','011.44.1644.429262',to_date('04-JAN-00','DD-MON-RR'),'SA_REP',6200,0.1,149,80);
Insert into SEBASTIANFILIPVIRTOPEANU.EMP_SVI (EMPLOYEE_ID,FIRST_NAME,LAST_NAME,EMAIL,PHONE_NUMBER,HIRE_DATE,JOB_ID,SALARY,COMMISSION_PCT,MANAGER_ID,DEPARTMENT_ID) values (180,'Winston','Taylor','WTAYLOR','650.507.9876',to_date('24-JAN-98','DD-MON-RR'),'SH_CLERK',3200,null,120,50);
Insert into SEBASTIANFILIPVIRTOPEANU.EMP_SVI (EMPLOYEE_ID,FIRST_NAME,LAST_NAME,EMAIL,PHONE_NUMBER,HIRE_DATE,JOB_ID,SALARY,COMMISSION_PCT,MANAGER_ID,DEPARTMENT_ID) values (181,'Jean','Fleaur','JFLEAUR','650.507.9877',to_date('23-FEB-98','DD-MON-RR'),'SH_CLERK',3100,null,120,50);
Insert into SEBASTIANFILIPVIRTOPEANU.EMP_SVI (EMPLOYEE_ID,FIRST_NAME,LAST_NAME,EMAIL,PHONE_NUMBER,HIRE_DATE,JOB_ID,SALARY,COMMISSION_PCT,MANAGER_ID,DEPARTMENT_ID) values (182,'Martha','Sullivan','MSULLIVA','650.507.9878',to_date('21-JUN-99','DD-MON-RR'),'SH_CLERK',2500,null,120,50);
Insert into SEBASTIANFILIPVIRTOPEANU.EMP_SVI (EMPLOYEE_ID,FIRST_NAME,LAST_NAME,EMAIL,PHONE_NUMBER,HIRE_DATE,JOB_ID,SALARY,COMMISSION_PCT,MANAGER_ID,DEPARTMENT_ID) values (183,'Girard','Geoni','GGEONI','650.507.9879',to_date('03-FEB-00','DD-MON-RR'),'SH_CLERK',2800,null,120,50);
Insert into SEBASTIANFILIPVIRTOPEANU.EMP_SVI (EMPLOYEE_ID,FIRST_NAME,LAST_NAME,EMAIL,PHONE_NUMBER,HIRE_DATE,JOB_ID,SALARY,COMMISSION_PCT,MANAGER_ID,DEPARTMENT_ID) values (184,'Nandita','Sarchand','NSARCHAN','650.509.1876',to_date('27-JAN-96','DD-MON-RR'),'SH_CLERK',4200,null,121,50);
Insert into SEBASTIANFILIPVIRTOPEANU.EMP_SVI (EMPLOYEE_ID,FIRST_NAME,LAST_NAME,EMAIL,PHONE_NUMBER,HIRE_DATE,JOB_ID,SALARY,COMMISSION_PCT,MANAGER_ID,DEPARTMENT_ID) values (185,'Alexis','Bull','ABULL','650.509.2876',to_date('20-FEB-97','DD-MON-RR'),'SH_CLERK',4100,null,121,50);
Insert into SEBASTIANFILIPVIRTOPEANU.EMP_SVI (EMPLOYEE_ID,FIRST_NAME,LAST_NAME,EMAIL,PHONE_NUMBER,HIRE_DATE,JOB_ID,SALARY,COMMISSION_PCT,MANAGER_ID,DEPARTMENT_ID) values (186,'Julia','Dellinger','JDELLING','650.509.3876',to_date('24-JUN-98','DD-MON-RR'),'SH_CLERK',3400,null,121,50);
Insert into SEBASTIANFILIPVIRTOPEANU.EMP_SVI (EMPLOYEE_ID,FIRST_NAME,LAST_NAME,EMAIL,PHONE_NUMBER,HIRE_DATE,JOB_ID,SALARY,COMMISSION_PCT,MANAGER_ID,DEPARTMENT_ID) values (187,'Anthony','Cabrio','ACABRIO','650.509.4876',to_date('07-FEB-99','DD-MON-RR'),'SH_CLERK',3000,null,121,50);
Insert into SEBASTIANFILIPVIRTOPEANU.EMP_SVI (EMPLOYEE_ID,FIRST_NAME,LAST_NAME,EMAIL,PHONE_NUMBER,HIRE_DATE,JOB_ID,SALARY,COMMISSION_PCT,MANAGER_ID,DEPARTMENT_ID) values (188,'Kelly','Chung','KCHUNG','650.505.1876',to_date('14-JUN-97','DD-MON-RR'),'SH_CLERK',3800,null,122,50);
Insert into SEBASTIANFILIPVIRTOPEANU.EMP_SVI (EMPLOYEE_ID,FIRST_NAME,LAST_NAME,EMAIL,PHONE_NUMBER,HIRE_DATE,JOB_ID,SALARY,COMMISSION_PCT,MANAGER_ID,DEPARTMENT_ID) values (189,'Jennifer','Dilly','JDILLY','650.505.2876',to_date('13-AUG-97','DD-MON-RR'),'SH_CLERK',3600,null,122,50);
Insert into SEBASTIANFILIPVIRTOPEANU.EMP_SVI (EMPLOYEE_ID,FIRST_NAME,LAST_NAME,EMAIL,PHONE_NUMBER,HIRE_DATE,JOB_ID,SALARY,COMMISSION_PCT,MANAGER_ID,DEPARTMENT_ID) values (190,'Timothy','Gates','TGATES','650.505.3876',to_date('11-JUL-98','DD-MON-RR'),'SH_CLERK',2900,null,122,50);
Insert into SEBASTIANFILIPVIRTOPEANU.EMP_SVI (EMPLOYEE_ID,FIRST_NAME,LAST_NAME,EMAIL,PHONE_NUMBER,HIRE_DATE,JOB_ID,SALARY,COMMISSION_PCT,MANAGER_ID,DEPARTMENT_ID) values (191,'Randall','Perkins','RPERKINS','650.505.4876',to_date('19-DEC-99','DD-MON-RR'),'SH_CLERK',2500,null,122,50);
Insert into SEBASTIANFILIPVIRTOPEANU.EMP_SVI (EMPLOYEE_ID,FIRST_NAME,LAST_NAME,EMAIL,PHONE_NUMBER,HIRE_DATE,JOB_ID,SALARY,COMMISSION_PCT,MANAGER_ID,DEPARTMENT_ID) values (192,'Sarah','Bell','SBELL','650.501.1876',to_date('04-FEB-96','DD-MON-RR'),'SH_CLERK',4000,null,123,50);
Insert into SEBASTIANFILIPVIRTOPEANU.EMP_SVI (EMPLOYEE_ID,FIRST_NAME,LAST_NAME,EMAIL,PHONE_NUMBER,HIRE_DATE,JOB_ID,SALARY,COMMISSION_PCT,MANAGER_ID,DEPARTMENT_ID) values (193,'Britney','Everett','BEVERETT','650.501.2876',to_date('03-MAR-97','DD-MON-RR'),'SH_CLERK',3900,null,123,50);
Insert into SEBASTIANFILIPVIRTOPEANU.EMP_SVI (EMPLOYEE_ID,FIRST_NAME,LAST_NAME,EMAIL,PHONE_NUMBER,HIRE_DATE,JOB_ID,SALARY,COMMISSION_PCT,MANAGER_ID,DEPARTMENT_ID) values (194,'Samuel','McCain','SMCCAIN','650.501.3876',to_date('01-JUL-98','DD-MON-RR'),'SH_CLERK',3200,null,123,50);
Insert into SEBASTIANFILIPVIRTOPEANU.EMP_SVI (EMPLOYEE_ID,FIRST_NAME,LAST_NAME,EMAIL,PHONE_NUMBER,HIRE_DATE,JOB_ID,SALARY,COMMISSION_PCT,MANAGER_ID,DEPARTMENT_ID) values (195,'Vance','Jones','VJONES','650.501.4876',to_date('17-MAR-99','DD-MON-RR'),'SH_CLERK',2800,null,123,50);
Insert into SEBASTIANFILIPVIRTOPEANU.EMP_SVI (EMPLOYEE_ID,FIRST_NAME,LAST_NAME,EMAIL,PHONE_NUMBER,HIRE_DATE,JOB_ID,SALARY,COMMISSION_PCT,MANAGER_ID,DEPARTMENT_ID) values (196,'Alana','Walsh','AWALSH','650.507.9811',to_date('24-APR-98','DD-MON-RR'),'SH_CLERK',3100,null,124,50);
Insert into SEBASTIANFILIPVIRTOPEANU.EMP_SVI (EMPLOYEE_ID,FIRST_NAME,LAST_NAME,EMAIL,PHONE_NUMBER,HIRE_DATE,JOB_ID,SALARY,COMMISSION_PCT,MANAGER_ID,DEPARTMENT_ID) values (197,'Kevin','Feeney','KFEENEY','650.507.9822',to_date('23-MAY-98','DD-MON-RR'),'SH_CLERK',3000,null,124,50);
Insert into SEBASTIANFILIPVIRTOPEANU.EMP_SVI (EMPLOYEE_ID,FIRST_NAME,LAST_NAME,EMAIL,PHONE_NUMBER,HIRE_DATE,JOB_ID,SALARY,COMMISSION_PCT,MANAGER_ID,DEPARTMENT_ID) values (198,'Donald','OConnell','DOCONNEL','650.507.9833',to_date('21-JUN-99','DD-MON-RR'),'SH_CLERK',2600,null,124,50);
Insert into SEBASTIANFILIPVIRTOPEANU.EMP_SVI (EMPLOYEE_ID,FIRST_NAME,LAST_NAME,EMAIL,PHONE_NUMBER,HIRE_DATE,JOB_ID,SALARY,COMMISSION_PCT,MANAGER_ID,DEPARTMENT_ID) values (199,'Douglas','Grant','DGRANT','650.507.9844',to_date('13-JAN-00','DD-MON-RR'),'SH_CLERK',2600,null,124,50);
Insert into SEBASTIANFILIPVIRTOPEANU.EMP_SVI (EMPLOYEE_ID,FIRST_NAME,LAST_NAME,EMAIL,PHONE_NUMBER,HIRE_DATE,JOB_ID,SALARY,COMMISSION_PCT,MANAGER_ID,DEPARTMENT_ID) values (200,'Jennifer','Whalen','JWHALEN','515.123.4444',to_date('17-SEP-87','DD-MON-RR'),'AD_ASST',4400,null,101,10);
Insert into SEBASTIANFILIPVIRTOPEANU.EMP_SVI (EMPLOYEE_ID,FIRST_NAME,LAST_NAME,EMAIL,PHONE_NUMBER,HIRE_DATE,JOB_ID,SALARY,COMMISSION_PCT,MANAGER_ID,DEPARTMENT_ID) values (201,'Michael','Hartstein','MHARTSTE','515.123.5555',to_date('17-FEB-96','DD-MON-RR'),'MK_MAN',13000,null,100,20);
Insert into SEBASTIANFILIPVIRTOPEANU.EMP_SVI (EMPLOYEE_ID,FIRST_NAME,LAST_NAME,EMAIL,PHONE_NUMBER,HIRE_DATE,JOB_ID,SALARY,COMMISSION_PCT,MANAGER_ID,DEPARTMENT_ID) values (202,'Pat','Fay','PFAY','603.123.6666',to_date('17-AUG-97','DD-MON-RR'),'MK_REP',6000,null,201,20);
Insert into SEBASTIANFILIPVIRTOPEANU.EMP_SVI (EMPLOYEE_ID,FIRST_NAME,LAST_NAME,EMAIL,PHONE_NUMBER,HIRE_DATE,JOB_ID,SALARY,COMMISSION_PCT,MANAGER_ID,DEPARTMENT_ID) values (203,'Susan','Mavris','SMAVRIS','515.123.7777',to_date('07-JUN-94','DD-MON-RR'),'HR_REP',6500,null,101,40);
Insert into SEBASTIANFILIPVIRTOPEANU.EMP_SVI (EMPLOYEE_ID,FIRST_NAME,LAST_NAME,EMAIL,PHONE_NUMBER,HIRE_DATE,JOB_ID,SALARY,COMMISSION_PCT,MANAGER_ID,DEPARTMENT_ID) values (204,'Hermann','Baer','HBAER','515.123.8888',to_date('07-JUN-94','DD-MON-RR'),'PR_REP',10000,null,101,70);
Insert into SEBASTIANFILIPVIRTOPEANU.EMP_SVI (EMPLOYEE_ID,FIRST_NAME,LAST_NAME,EMAIL,PHONE_NUMBER,HIRE_DATE,JOB_ID,SALARY,COMMISSION_PCT,MANAGER_ID,DEPARTMENT_ID) values (205,'Shelley','Higgins','SHIGGINS','515.123.8080',to_date('07-JUN-94','DD-MON-RR'),'AC_MGR',12000,null,101,110);
Insert into SEBASTIANFILIPVIRTOPEANU.EMP_SVI (EMPLOYEE_ID,FIRST_NAME,LAST_NAME,EMAIL,PHONE_NUMBER,HIRE_DATE,JOB_ID,SALARY,COMMISSION_PCT,MANAGER_ID,DEPARTMENT_ID) values (206,'William','Gietz','WGIETZ','515.123.8181',to_date('07-JUN-94','DD-MON-RR'),'AC_ACCOUNT',8300,null,205,110);
REM INSERTING into SEBASTIANFILIPVIRTOPEANU.JOBS
SET DEFINE OFF;
Insert into SEBASTIANFILIPVIRTOPEANU.JOBS (JOB_ID,JOB_TITLE,MIN_SALARY,MAX_SALARY) values ('AD_PRES','President',20000,40000);
Insert into SEBASTIANFILIPVIRTOPEANU.JOBS (JOB_ID,JOB_TITLE,MIN_SALARY,MAX_SALARY) values ('AD_VP','Administration Vice President',15000,30000);
Insert into SEBASTIANFILIPVIRTOPEANU.JOBS (JOB_ID,JOB_TITLE,MIN_SALARY,MAX_SALARY) values ('AD_ASST','Administration Assistant',3000,6000);
Insert into SEBASTIANFILIPVIRTOPEANU.JOBS (JOB_ID,JOB_TITLE,MIN_SALARY,MAX_SALARY) values ('FI_MGR','Finance Manager',8200,16000);
Insert into SEBASTIANFILIPVIRTOPEANU.JOBS (JOB_ID,JOB_TITLE,MIN_SALARY,MAX_SALARY) values ('FI_ACCOUNT','Accountant',4200,9000);
Insert into SEBASTIANFILIPVIRTOPEANU.JOBS (JOB_ID,JOB_TITLE,MIN_SALARY,MAX_SALARY) values ('AC_MGR','Accounting Manager',8200,16000);
Insert into SEBASTIANFILIPVIRTOPEANU.JOBS (JOB_ID,JOB_TITLE,MIN_SALARY,MAX_SALARY) values ('AC_ACCOUNT','Public Accountant',4200,9000);
Insert into SEBASTIANFILIPVIRTOPEANU.JOBS (JOB_ID,JOB_TITLE,MIN_SALARY,MAX_SALARY) values ('SA_MAN','Sales Manager',10000,20000);
Insert into SEBASTIANFILIPVIRTOPEANU.JOBS (JOB_ID,JOB_TITLE,MIN_SALARY,MAX_SALARY) values ('SA_REP','Sales Representative',6000,12000);
Insert into SEBASTIANFILIPVIRTOPEANU.JOBS (JOB_ID,JOB_TITLE,MIN_SALARY,MAX_SALARY) values ('PU_MAN','Purchasing Manager',8000,15000);
Insert into SEBASTIANFILIPVIRTOPEANU.JOBS (JOB_ID,JOB_TITLE,MIN_SALARY,MAX_SALARY) values ('PU_CLERK','Purchasing Clerk',2500,5500);
Insert into SEBASTIANFILIPVIRTOPEANU.JOBS (JOB_ID,JOB_TITLE,MIN_SALARY,MAX_SALARY) values ('ST_MAN','Stock Manager',5500,8500);
Insert into SEBASTIANFILIPVIRTOPEANU.JOBS (JOB_ID,JOB_TITLE,MIN_SALARY,MAX_SALARY) values ('ST_CLERK','Stock Clerk',2000,5000);
Insert into SEBASTIANFILIPVIRTOPEANU.JOBS (JOB_ID,JOB_TITLE,MIN_SALARY,MAX_SALARY) values ('SH_CLERK','Shipping Clerk',2500,5500);
Insert into SEBASTIANFILIPVIRTOPEANU.JOBS (JOB_ID,JOB_TITLE,MIN_SALARY,MAX_SALARY) values ('IT_PROG','Programmer',4000,10000);
Insert into SEBASTIANFILIPVIRTOPEANU.JOBS (JOB_ID,JOB_TITLE,MIN_SALARY,MAX_SALARY) values ('MK_MAN','Marketing Manager',9000,15000);
Insert into SEBASTIANFILIPVIRTOPEANU.JOBS (JOB_ID,JOB_TITLE,MIN_SALARY,MAX_SALARY) values ('MK_REP','Marketing Representative',4000,9000);
Insert into SEBASTIANFILIPVIRTOPEANU.JOBS (JOB_ID,JOB_TITLE,MIN_SALARY,MAX_SALARY) values ('HR_REP','Human Resources Representative',4000,9000);
Insert into SEBASTIANFILIPVIRTOPEANU.JOBS (JOB_ID,JOB_TITLE,MIN_SALARY,MAX_SALARY) values ('PR_REP','Public Relations Representative',4500,10500);
REM INSERTING into SEBASTIANFILIPVIRTOPEANU.JOB_GRADES
SET DEFINE OFF;
Insert into SEBASTIANFILIPVIRTOPEANU.JOB_GRADES (GRADE_LEVEL,LOWEST_SAL,HIGHEST_SAL) values ('1',2000,5000);
Insert into SEBASTIANFILIPVIRTOPEANU.JOB_GRADES (GRADE_LEVEL,LOWEST_SAL,HIGHEST_SAL) values ('2',5001,7000);
Insert into SEBASTIANFILIPVIRTOPEANU.JOB_GRADES (GRADE_LEVEL,LOWEST_SAL,HIGHEST_SAL) values ('3',7001,10000);
Insert into SEBASTIANFILIPVIRTOPEANU.JOB_GRADES (GRADE_LEVEL,LOWEST_SAL,HIGHEST_SAL) values ('4',10001,13000);
Insert into SEBASTIANFILIPVIRTOPEANU.JOB_GRADES (GRADE_LEVEL,LOWEST_SAL,HIGHEST_SAL) values ('5',13001,16000);
Insert into SEBASTIANFILIPVIRTOPEANU.JOB_GRADES (GRADE_LEVEL,LOWEST_SAL,HIGHEST_SAL) values ('6',16001,19000);
Insert into SEBASTIANFILIPVIRTOPEANU.JOB_GRADES (GRADE_LEVEL,LOWEST_SAL,HIGHEST_SAL) values ('7',19001,99000);
REM INSERTING into SEBASTIANFILIPVIRTOPEANU.JOB_HISTORY
SET DEFINE OFF;
Insert into SEBASTIANFILIPVIRTOPEANU.JOB_HISTORY (EMPLOYEE_ID,START_DATE,END_DATE,JOB_ID,DEPARTMENT_ID) values (102,to_date('13-JAN-93','DD-MON-RR'),to_date('24-JUL-98','DD-MON-RR'),'IT_PROG',60);
Insert into SEBASTIANFILIPVIRTOPEANU.JOB_HISTORY (EMPLOYEE_ID,START_DATE,END_DATE,JOB_ID,DEPARTMENT_ID) values (101,to_date('21-SEP-89','DD-MON-RR'),to_date('27-OCT-93','DD-MON-RR'),'AC_ACCOUNT',110);
Insert into SEBASTIANFILIPVIRTOPEANU.JOB_HISTORY (EMPLOYEE_ID,START_DATE,END_DATE,JOB_ID,DEPARTMENT_ID) values (101,to_date('28-OCT-93','DD-MON-RR'),to_date('15-MAR-97','DD-MON-RR'),'AC_MGR',110);
Insert into SEBASTIANFILIPVIRTOPEANU.JOB_HISTORY (EMPLOYEE_ID,START_DATE,END_DATE,JOB_ID,DEPARTMENT_ID) values (201,to_date('17-FEB-96','DD-MON-RR'),to_date('19-DEC-99','DD-MON-RR'),'MK_REP',20);
Insert into SEBASTIANFILIPVIRTOPEANU.JOB_HISTORY (EMPLOYEE_ID,START_DATE,END_DATE,JOB_ID,DEPARTMENT_ID) values (114,to_date('24-MAR-98','DD-MON-RR'),to_date('31-DEC-99','DD-MON-RR'),'ST_CLERK',50);
Insert into SEBASTIANFILIPVIRTOPEANU.JOB_HISTORY (EMPLOYEE_ID,START_DATE,END_DATE,JOB_ID,DEPARTMENT_ID) values (122,to_date('01-JAN-99','DD-MON-RR'),to_date('31-DEC-99','DD-MON-RR'),'ST_CLERK',50);
Insert into SEBASTIANFILIPVIRTOPEANU.JOB_HISTORY (EMPLOYEE_ID,START_DATE,END_DATE,JOB_ID,DEPARTMENT_ID) values (200,to_date('17-SEP-87','DD-MON-RR'),to_date('17-JUN-93','DD-MON-RR'),'AD_ASST',90);
Insert into SEBASTIANFILIPVIRTOPEANU.JOB_HISTORY (EMPLOYEE_ID,START_DATE,END_DATE,JOB_ID,DEPARTMENT_ID) values (176,to_date('24-MAR-98','DD-MON-RR'),to_date('31-DEC-98','DD-MON-RR'),'SA_REP',80);
Insert into SEBASTIANFILIPVIRTOPEANU.JOB_HISTORY (EMPLOYEE_ID,START_DATE,END_DATE,JOB_ID,DEPARTMENT_ID) values (176,to_date('01-JAN-99','DD-MON-RR'),to_date('31-DEC-99','DD-MON-RR'),'SA_MAN',80);
Insert into SEBASTIANFILIPVIRTOPEANU.JOB_HISTORY (EMPLOYEE_ID,START_DATE,END_DATE,JOB_ID,DEPARTMENT_ID) values (200,to_date('01-JUL-94','DD-MON-RR'),to_date('31-DEC-98','DD-MON-RR'),'AC_ACCOUNT',90);
REM INSERTING into SEBASTIANFILIPVIRTOPEANU.LOCATIONS
SET DEFINE OFF;
Insert into SEBASTIANFILIPVIRTOPEANU.LOCATIONS (LOCATION_ID,STREET_ADDRESS,POSTAL_CODE,CITY,STATE_PROVINCE,COUNTRY_ID) values (1000,'1297 Via Cola di Rie','00989','Roma',null,'IT');
Insert into SEBASTIANFILIPVIRTOPEANU.LOCATIONS (LOCATION_ID,STREET_ADDRESS,POSTAL_CODE,CITY,STATE_PROVINCE,COUNTRY_ID) values (1100,'93091 Calle della Testa','10934','Venice',null,'IT');
Insert into SEBASTIANFILIPVIRTOPEANU.LOCATIONS (LOCATION_ID,STREET_ADDRESS,POSTAL_CODE,CITY,STATE_PROVINCE,COUNTRY_ID) values (1200,'2017 Shinjuku-ku','1689','Tokyo','Tokyo Prefecture','JP');
Insert into SEBASTIANFILIPVIRTOPEANU.LOCATIONS (LOCATION_ID,STREET_ADDRESS,POSTAL_CODE,CITY,STATE_PROVINCE,COUNTRY_ID) values (1300,'9450 Kamiya-cho','6823','Hiroshima',null,'JP');
Insert into SEBASTIANFILIPVIRTOPEANU.LOCATIONS (LOCATION_ID,STREET_ADDRESS,POSTAL_CODE,CITY,STATE_PROVINCE,COUNTRY_ID) values (1400,'2014 Jabberwocky Rd','26192','Southlake','Texas','US');
Insert into SEBASTIANFILIPVIRTOPEANU.LOCATIONS (LOCATION_ID,STREET_ADDRESS,POSTAL_CODE,CITY,STATE_PROVINCE,COUNTRY_ID) values (1500,'2011 Interiors Blvd','99236','South San Francisco','California','US');
Insert into SEBASTIANFILIPVIRTOPEANU.LOCATIONS (LOCATION_ID,STREET_ADDRESS,POSTAL_CODE,CITY,STATE_PROVINCE,COUNTRY_ID) values (1600,'2007 Zagora St','50090','South Brunswick','New Jersey','US');
Insert into SEBASTIANFILIPVIRTOPEANU.LOCATIONS (LOCATION_ID,STREET_ADDRESS,POSTAL_CODE,CITY,STATE_PROVINCE,COUNTRY_ID) values (1700,'2004 Charade Rd','98199','Seattle','Washington','US');
Insert into SEBASTIANFILIPVIRTOPEANU.LOCATIONS (LOCATION_ID,STREET_ADDRESS,POSTAL_CODE,CITY,STATE_PROVINCE,COUNTRY_ID) values (1800,'147 Spadina Ave','M5V 2L7','Toronto','Ontario','CA');
Insert into SEBASTIANFILIPVIRTOPEANU.LOCATIONS (LOCATION_ID,STREET_ADDRESS,POSTAL_CODE,CITY,STATE_PROVINCE,COUNTRY_ID) values (1900,'6092 Boxwood St','YSW 9T2','Whitehorse','Yukon','CA');
Insert into SEBASTIANFILIPVIRTOPEANU.LOCATIONS (LOCATION_ID,STREET_ADDRESS,POSTAL_CODE,CITY,STATE_PROVINCE,COUNTRY_ID) values (2000,'40-5-12 Laogianggen','190518','Beijing',null,'CN');
Insert into SEBASTIANFILIPVIRTOPEANU.LOCATIONS (LOCATION_ID,STREET_ADDRESS,POSTAL_CODE,CITY,STATE_PROVINCE,COUNTRY_ID) values (2100,'1298 Vileparle (E)','490231','Bombay','Maharashtra','IN');
Insert into SEBASTIANFILIPVIRTOPEANU.LOCATIONS (LOCATION_ID,STREET_ADDRESS,POSTAL_CODE,CITY,STATE_PROVINCE,COUNTRY_ID) values (2200,'12-98 Victoria Street','2901','Sydney','New South Wales','AU');
Insert into SEBASTIANFILIPVIRTOPEANU.LOCATIONS (LOCATION_ID,STREET_ADDRESS,POSTAL_CODE,CITY,STATE_PROVINCE,COUNTRY_ID) values (2300,'198 Clementi North','540198','Singapore',null,'SG');
Insert into SEBASTIANFILIPVIRTOPEANU.LOCATIONS (LOCATION_ID,STREET_ADDRESS,POSTAL_CODE,CITY,STATE_PROVINCE,COUNTRY_ID) values (2400,'8204 Arthur St',null,'London',null,'UK');
Insert into SEBASTIANFILIPVIRTOPEANU.LOCATIONS (LOCATION_ID,STREET_ADDRESS,POSTAL_CODE,CITY,STATE_PROVINCE,COUNTRY_ID) values (2500,'Magdalen Centre, The Oxford Science Park','OX9 9ZB','Oxford','Oxford','UK');
Insert into SEBASTIANFILIPVIRTOPEANU.LOCATIONS (LOCATION_ID,STREET_ADDRESS,POSTAL_CODE,CITY,STATE_PROVINCE,COUNTRY_ID) values (2600,'9702 Chester Road','09629850293','Stretford','Manchester','UK');
Insert into SEBASTIANFILIPVIRTOPEANU.LOCATIONS (LOCATION_ID,STREET_ADDRESS,POSTAL_CODE,CITY,STATE_PROVINCE,COUNTRY_ID) values (2700,'Schwanthalerstr. 7031','80925','Munich','Bavaria','DE');
Insert into SEBASTIANFILIPVIRTOPEANU.LOCATIONS (LOCATION_ID,STREET_ADDRESS,POSTAL_CODE,CITY,STATE_PROVINCE,COUNTRY_ID) values (2800,'Rua Frei Caneca 1360 ','01307-002','Sao Paulo','Sao Paulo','BR');
Insert into SEBASTIANFILIPVIRTOPEANU.LOCATIONS (LOCATION_ID,STREET_ADDRESS,POSTAL_CODE,CITY,STATE_PROVINCE,COUNTRY_ID) values (2900,'20 Rue des Corps-Saints','1730','Geneva','Geneve','CH');
Insert into SEBASTIANFILIPVIRTOPEANU.LOCATIONS (LOCATION_ID,STREET_ADDRESS,POSTAL_CODE,CITY,STATE_PROVINCE,COUNTRY_ID) values (3000,'Murtenstrasse 921','3095','Bern','BE','CH');
Insert into SEBASTIANFILIPVIRTOPEANU.LOCATIONS (LOCATION_ID,STREET_ADDRESS,POSTAL_CODE,CITY,STATE_PROVINCE,COUNTRY_ID) values (3100,'Pieter Breughelstraat 837','3029SK','Utrecht','Utrecht','NL');
Insert into SEBASTIANFILIPVIRTOPEANU.LOCATIONS (LOCATION_ID,STREET_ADDRESS,POSTAL_CODE,CITY,STATE_PROVINCE,COUNTRY_ID) values (3200,'Mariano Escobedo 9991','11932','Mexico City','Distrito Federal,','MX');
REM INSERTING into SEBASTIANFILIPVIRTOPEANU.PROJECTS
SET DEFINE OFF;
Insert into SEBASTIANFILIPVIRTOPEANU.PROJECTS (PROJECT_ID,PROJECT_NAME,BUDGET,START_DATE,DEADLINE,DELIVERY_DATE,PROJECT_MANAGER) values (1,'ALFA',20000,to_date('02-JAN-06','DD-MON-RR'),to_date('30-MAR-06','DD-MON-RR'),to_date('07-APR-06','DD-MON-RR'),102);
Insert into SEBASTIANFILIPVIRTOPEANU.PROJECTS (PROJECT_ID,PROJECT_NAME,BUDGET,START_DATE,DEADLINE,DELIVERY_DATE,PROJECT_MANAGER) values (2,'BETA',10000,to_date('05-MAY-06','DD-MON-RR'),to_date('15-JUL-06','DD-MON-RR'),to_date('15-JUL-06','DD-MON-RR'),103);
Insert into SEBASTIANFILIPVIRTOPEANU.PROJECTS (PROJECT_ID,PROJECT_NAME,BUDGET,START_DATE,DEADLINE,DELIVERY_DATE,PROJECT_MANAGER) values (3,'GAMA',10000,to_date('11-DEC-06','DD-MON-RR'),to_date('15-JAN-07','DD-MON-RR'),to_date('17-JAN-07','DD-MON-RR'),102);
REM INSERTING into SEBASTIANFILIPVIRTOPEANU.REGIONS
SET DEFINE OFF;
Insert into SEBASTIANFILIPVIRTOPEANU.REGIONS (REGION_ID,REGION_NAME) values (1,'Europe');
Insert into SEBASTIANFILIPVIRTOPEANU.REGIONS (REGION_ID,REGION_NAME) values (2,'Americas');
Insert into SEBASTIANFILIPVIRTOPEANU.REGIONS (REGION_ID,REGION_NAME) values (3,'Asia');
Insert into SEBASTIANFILIPVIRTOPEANU.REGIONS (REGION_ID,REGION_NAME) values (4,'Middle East and Africa');
REM INSERTING into SEBASTIANFILIPVIRTOPEANU.WORKS_ON
SET DEFINE OFF;
Insert into SEBASTIANFILIPVIRTOPEANU.WORKS_ON (PROJECT_ID,EMPLOYEE_ID,START_DATE,END_DATE) values (1,125,to_date('01-FEB-06','DD-MON-RR'),to_date('07-APR-06','DD-MON-RR'));
Insert into SEBASTIANFILIPVIRTOPEANU.WORKS_ON (PROJECT_ID,EMPLOYEE_ID,START_DATE,END_DATE) values (1,136,to_date('02-JAN-06','DD-MON-RR'),to_date('30-MAR-06','DD-MON-RR'));
Insert into SEBASTIANFILIPVIRTOPEANU.WORKS_ON (PROJECT_ID,EMPLOYEE_ID,START_DATE,END_DATE) values (1,140,to_date('15-FEB-06','DD-MON-RR'),to_date('07-APR-06','DD-MON-RR'));
Insert into SEBASTIANFILIPVIRTOPEANU.WORKS_ON (PROJECT_ID,EMPLOYEE_ID,START_DATE,END_DATE) values (2,145,to_date('06-MAY-06','DD-MON-RR'),to_date('15-JUL-06','DD-MON-RR'));
Insert into SEBASTIANFILIPVIRTOPEANU.WORKS_ON (PROJECT_ID,EMPLOYEE_ID,START_DATE,END_DATE) values (2,125,to_date('06-MAY-06','DD-MON-RR'),to_date('15-JUL-06','DD-MON-RR'));
Insert into SEBASTIANFILIPVIRTOPEANU.WORKS_ON (PROJECT_ID,EMPLOYEE_ID,START_DATE,END_DATE) values (2,101,to_date('06-MAY-06','DD-MON-RR'),to_date('15-JUL-06','DD-MON-RR'));
Insert into SEBASTIANFILIPVIRTOPEANU.WORKS_ON (PROJECT_ID,EMPLOYEE_ID,START_DATE,END_DATE) values (2,148,to_date('14-MAY-06','DD-MON-RR'),to_date('10-JUL-06','DD-MON-RR'));
Insert into SEBASTIANFILIPVIRTOPEANU.WORKS_ON (PROJECT_ID,EMPLOYEE_ID,START_DATE,END_DATE) values (2,200,to_date('06-MAY-06','DD-MON-RR'),to_date('15-JUL-06','DD-MON-RR'));
Insert into SEBASTIANFILIPVIRTOPEANU.WORKS_ON (PROJECT_ID,EMPLOYEE_ID,START_DATE,END_DATE) values (3,145,to_date('15-DEC-07','DD-MON-RR'),to_date('15-JAN-07','DD-MON-RR'));
Insert into SEBASTIANFILIPVIRTOPEANU.WORKS_ON (PROJECT_ID,EMPLOYEE_ID,START_DATE,END_DATE) values (3,148,to_date('14-DEC-06','DD-MON-RR'),to_date('17-JAN-07','DD-MON-RR'));
Insert into SEBASTIANFILIPVIRTOPEANU.WORKS_ON (PROJECT_ID,EMPLOYEE_ID,START_DATE,END_DATE) values (3,150,to_date('14-DEC-06','DD-MON-RR'),to_date('17-JAN-07','DD-MON-RR'));
Insert into SEBASTIANFILIPVIRTOPEANU.WORKS_ON (PROJECT_ID,EMPLOYEE_ID,START_DATE,END_DATE) values (3,162,to_date('20-DEC-06','DD-MON-RR'),to_date('17-JAN-07','DD-MON-RR'));
Insert into SEBASTIANFILIPVIRTOPEANU.WORKS_ON (PROJECT_ID,EMPLOYEE_ID,START_DATE,END_DATE) values (3,101,to_date('20-DEC-06','DD-MON-RR'),to_date('17-JAN-07','DD-MON-RR'));
Insert into SEBASTIANFILIPVIRTOPEANU.WORKS_ON (PROJECT_ID,EMPLOYEE_ID,START_DATE,END_DATE) values (3,176,to_date('20-DEC-06','DD-MON-RR'),to_date('17-JAN-07','DD-MON-RR'));
Insert into SEBASTIANFILIPVIRTOPEANU.WORKS_ON (PROJECT_ID,EMPLOYEE_ID,START_DATE,END_DATE) values (3,200,to_date('20-DEC-06','DD-MON-RR'),to_date('17-JAN-07','DD-MON-RR'));
Insert into SEBASTIANFILIPVIRTOPEANU.WORKS_ON (PROJECT_ID,EMPLOYEE_ID,START_DATE,END_DATE) values (3,140,to_date('15-DEC-06','DD-MON-RR'),to_date('07-JAN-07','DD-MON-RR'));
--------------------------------------------------------
--  DDL for Index COUNTRY_C_ID_PK
--------------------------------------------------------

  CREATE UNIQUE INDEX "SEBASTIANFILIPVIRTOPEANU"."COUNTRY_C_ID_PK" ON "SEBASTIANFILIPVIRTOPEANU"."COUNTRIES" ("COUNTRY_ID") 
  PCTFREE 10 INITRANS 2 MAXTRANS 255 
  STORAGE(INITIAL 65536 NEXT 1048576 MINEXTENTS 1 MAXEXTENTS 2147483645
  PCTINCREASE 0 FREELISTS 1 FREELIST GROUPS 1 BUFFER_POOL DEFAULT)
  TABLESPACE "USERS" ;
--------------------------------------------------------
--  DDL for Index DEPT_ID_PK
--------------------------------------------------------

  CREATE UNIQUE INDEX "SEBASTIANFILIPVIRTOPEANU"."DEPT_ID_PK" ON "SEBASTIANFILIPVIRTOPEANU"."DEPARTMENTS" ("DEPARTMENT_ID") 
  PCTFREE 10 INITRANS 2 MAXTRANS 255 
  STORAGE(INITIAL 65536 NEXT 1048576 MINEXTENTS 1 MAXEXTENTS 2147483645
  PCTINCREASE 0 FREELISTS 1 FREELIST GROUPS 1 BUFFER_POOL DEFAULT)
  TABLESPACE "USERS" ;
--------------------------------------------------------
--  DDL for Index LOC_ID_PK
--------------------------------------------------------

  CREATE UNIQUE INDEX "SEBASTIANFILIPVIRTOPEANU"."LOC_ID_PK" ON "SEBASTIANFILIPVIRTOPEANU"."LOCATIONS" ("LOCATION_ID") 
  PCTFREE 10 INITRANS 2 MAXTRANS 255 
  STORAGE(INITIAL 65536 NEXT 1048576 MINEXTENTS 1 MAXEXTENTS 2147483645
  PCTINCREASE 0 FREELISTS 1 FREELIST GROUPS 1 BUFFER_POOL DEFAULT)
  TABLESPACE "USERS" ;
--------------------------------------------------------
--  DDL for Index REG_ID_PK
--------------------------------------------------------

  CREATE UNIQUE INDEX "SEBASTIANFILIPVIRTOPEANU"."REG_ID_PK" ON "SEBASTIANFILIPVIRTOPEANU"."REGIONS" ("REGION_ID") 
  PCTFREE 10 INITRANS 2 MAXTRANS 255 
  STORAGE(INITIAL 65536 NEXT 1048576 MINEXTENTS 1 MAXEXTENTS 2147483645
  PCTINCREASE 0 FREELISTS 1 FREELIST GROUPS 1 BUFFER_POOL DEFAULT)
  TABLESPACE "USERS" ;
--------------------------------------------------------
--  DDL for Index EMP_EMAIL_UK
--------------------------------------------------------

  CREATE UNIQUE INDEX "SEBASTIANFILIPVIRTOPEANU"."EMP_EMAIL_UK" ON "SEBASTIANFILIPVIRTOPEANU"."EMPLOYEES" ("EMAIL") 
  PCTFREE 10 INITRANS 2 MAXTRANS 255 
  STORAGE(INITIAL 65536 NEXT 1048576 MINEXTENTS 1 MAXEXTENTS 2147483645
  PCTINCREASE 0 FREELISTS 1 FREELIST GROUPS 1 BUFFER_POOL DEFAULT)
  TABLESPACE "USERS" ;
--------------------------------------------------------
--  DDL for Index EMP_EMP_ID_PK
--------------------------------------------------------

  CREATE UNIQUE INDEX "SEBASTIANFILIPVIRTOPEANU"."EMP_EMP_ID_PK" ON "SEBASTIANFILIPVIRTOPEANU"."EMPLOYEES" ("EMPLOYEE_ID") 
  PCTFREE 10 INITRANS 2 MAXTRANS 255 
  STORAGE(INITIAL 65536 NEXT 1048576 MINEXTENTS 1 MAXEXTENTS 2147483645
  PCTINCREASE 0 FREELISTS 1 FREELIST GROUPS 1 BUFFER_POOL DEFAULT)
  TABLESPACE "USERS" ;
--------------------------------------------------------
--  DDL for Index JHIST_EMP_ID_ST_DATE_PK
--------------------------------------------------------

  CREATE UNIQUE INDEX "SEBASTIANFILIPVIRTOPEANU"."JHIST_EMP_ID_ST_DATE_PK" ON "SEBASTIANFILIPVIRTOPEANU"."JOB_HISTORY" ("EMPLOYEE_ID", "START_DATE") 
  PCTFREE 10 INITRANS 2 MAXTRANS 255 
  STORAGE(INITIAL 65536 NEXT 1048576 MINEXTENTS 1 MAXEXTENTS 2147483645
  PCTINCREASE 0 FREELISTS 1 FREELIST GROUPS 1 BUFFER_POOL DEFAULT)
  TABLESPACE "USERS" ;
--------------------------------------------------------
--  DDL for Index JOB_ID_PK
--------------------------------------------------------

  CREATE UNIQUE INDEX "SEBASTIANFILIPVIRTOPEANU"."JOB_ID_PK" ON "SEBASTIANFILIPVIRTOPEANU"."JOBS" ("JOB_ID") 
  PCTFREE 10 INITRANS 2 MAXTRANS 255 
  STORAGE(INITIAL 65536 NEXT 1048576 MINEXTENTS 1 MAXEXTENTS 2147483645
  PCTINCREASE 0 FREELISTS 1 FREELIST GROUPS 1 BUFFER_POOL DEFAULT)
  TABLESPACE "USERS" ;
--------------------------------------------------------
--  Constraints for Table DEPT_SVI
--------------------------------------------------------

  ALTER TABLE "SEBASTIANFILIPVIRTOPEANU"."DEPT_SVI" MODIFY ("DEPARTMENT_NAME" NOT NULL ENABLE);
--------------------------------------------------------
--  Constraints for Table EMPLOYEES
--------------------------------------------------------

  ALTER TABLE "SEBASTIANFILIPVIRTOPEANU"."EMPLOYEES" MODIFY ("EMAIL" CONSTRAINT "EMP_EMAIL_NN" NOT NULL ENABLE);
 
  ALTER TABLE "SEBASTIANFILIPVIRTOPEANU"."EMPLOYEES" ADD CONSTRAINT "EMP_EMAIL_UK" UNIQUE ("EMAIL")
  USING INDEX PCTFREE 10 INITRANS 2 MAXTRANS 255 
  STORAGE(INITIAL 65536 NEXT 1048576 MINEXTENTS 1 MAXEXTENTS 2147483645
  PCTINCREASE 0 FREELISTS 1 FREELIST GROUPS 1 BUFFER_POOL DEFAULT)
  TABLESPACE "USERS"  ENABLE;
 
  ALTER TABLE "SEBASTIANFILIPVIRTOPEANU"."EMPLOYEES" ADD CONSTRAINT "EMP_EMP_ID_PK" PRIMARY KEY ("EMPLOYEE_ID")
  USING INDEX PCTFREE 10 INITRANS 2 MAXTRANS 255 
  STORAGE(INITIAL 65536 NEXT 1048576 MINEXTENTS 1 MAXEXTENTS 2147483645
  PCTINCREASE 0 FREELISTS 1 FREELIST GROUPS 1 BUFFER_POOL DEFAULT)
  TABLESPACE "USERS"  ENABLE;
 
  ALTER TABLE "SEBASTIANFILIPVIRTOPEANU"."EMPLOYEES" MODIFY ("HIRE_DATE" CONSTRAINT "EMP_HIRE_DATE_NN" NOT NULL ENABLE);
 
  ALTER TABLE "SEBASTIANFILIPVIRTOPEANU"."EMPLOYEES" MODIFY ("JOB_ID" CONSTRAINT "EMP_JOB_NN" NOT NULL ENABLE);
 
  ALTER TABLE "SEBASTIANFILIPVIRTOPEANU"."EMPLOYEES" MODIFY ("LAST_NAME" CONSTRAINT "EMP_LAST_NAME_NN" NOT NULL ENABLE);
 
  ALTER TABLE "SEBASTIANFILIPVIRTOPEANU"."EMPLOYEES" ADD CONSTRAINT "EMP_SALARY_MIN" CHECK (salary > 0) ENABLE;
--------------------------------------------------------
--  Constraints for Table JOBS
--------------------------------------------------------

  ALTER TABLE "SEBASTIANFILIPVIRTOPEANU"."JOBS" ADD CONSTRAINT "JOB_ID_PK" PRIMARY KEY ("JOB_ID")
  USING INDEX PCTFREE 10 INITRANS 2 MAXTRANS 255 
  STORAGE(INITIAL 65536 NEXT 1048576 MINEXTENTS 1 MAXEXTENTS 2147483645
  PCTINCREASE 0 FREELISTS 1 FREELIST GROUPS 1 BUFFER_POOL DEFAULT)
  TABLESPACE "USERS"  ENABLE;
 
  ALTER TABLE "SEBASTIANFILIPVIRTOPEANU"."JOBS" MODIFY ("JOB_TITLE" CONSTRAINT "JOB_TITLE_NN" NOT NULL ENABLE);
--------------------------------------------------------
--  Constraints for Table REGIONS
--------------------------------------------------------

  ALTER TABLE "SEBASTIANFILIPVIRTOPEANU"."REGIONS" MODIFY ("REGION_ID" CONSTRAINT "REGION_ID_NN" NOT NULL ENABLE);
 
  ALTER TABLE "SEBASTIANFILIPVIRTOPEANU"."REGIONS" ADD CONSTRAINT "REG_ID_PK" PRIMARY KEY ("REGION_ID")
  USING INDEX PCTFREE 10 INITRANS 2 MAXTRANS 255 
  STORAGE(INITIAL 65536 NEXT 1048576 MINEXTENTS 1 MAXEXTENTS 2147483645
  PCTINCREASE 0 FREELISTS 1 FREELIST GROUPS 1 BUFFER_POOL DEFAULT)
  TABLESPACE "USERS"  ENABLE;
--------------------------------------------------------
--  Constraints for Table DEPARTMENTS
--------------------------------------------------------

  ALTER TABLE "SEBASTIANFILIPVIRTOPEANU"."DEPARTMENTS" ADD CONSTRAINT "DEPT_ID_PK" PRIMARY KEY ("DEPARTMENT_ID")
  USING INDEX PCTFREE 10 INITRANS 2 MAXTRANS 255 
  STORAGE(INITIAL 65536 NEXT 1048576 MINEXTENTS 1 MAXEXTENTS 2147483645
  PCTINCREASE 0 FREELISTS 1 FREELIST GROUPS 1 BUFFER_POOL DEFAULT)
  TABLESPACE "USERS"  ENABLE;
 
  ALTER TABLE "SEBASTIANFILIPVIRTOPEANU"."DEPARTMENTS" MODIFY ("DEPARTMENT_NAME" CONSTRAINT "DEPT_NAME_NN" NOT NULL ENABLE);
--------------------------------------------------------
--  Constraints for Table WORKS_ON
--------------------------------------------------------

  ALTER TABLE "SEBASTIANFILIPVIRTOPEANU"."WORKS_ON" ADD PRIMARY KEY ("PROJECT_ID", "EMPLOYEE_ID")
  USING INDEX PCTFREE 10 INITRANS 2 MAXTRANS 255 
  STORAGE(INITIAL 65536 NEXT 1048576 MINEXTENTS 1 MAXEXTENTS 2147483645
  PCTINCREASE 0 FREELISTS 1 FREELIST GROUPS 1 BUFFER_POOL DEFAULT)
  TABLESPACE "USERS"  ENABLE;
--------------------------------------------------------
--  Constraints for Table JOB_HISTORY
--------------------------------------------------------

  ALTER TABLE "SEBASTIANFILIPVIRTOPEANU"."JOB_HISTORY" ADD CONSTRAINT "JHIST_DATE_INTERVAL" CHECK (end_date > start_date) ENABLE;
 
  ALTER TABLE "SEBASTIANFILIPVIRTOPEANU"."JOB_HISTORY" MODIFY ("EMPLOYEE_ID" CONSTRAINT "JHIST_EMPLOYEE_NN" NOT NULL ENABLE);
 
  ALTER TABLE "SEBASTIANFILIPVIRTOPEANU"."JOB_HISTORY" ADD CONSTRAINT "JHIST_EMP_ID_ST_DATE_PK" PRIMARY KEY ("EMPLOYEE_ID", "START_DATE")
  USING INDEX PCTFREE 10 INITRANS 2 MAXTRANS 255 
  STORAGE(INITIAL 65536 NEXT 1048576 MINEXTENTS 1 MAXEXTENTS 2147483645
  PCTINCREASE 0 FREELISTS 1 FREELIST GROUPS 1 BUFFER_POOL DEFAULT)
  TABLESPACE "USERS"  ENABLE;
 
  ALTER TABLE "SEBASTIANFILIPVIRTOPEANU"."JOB_HISTORY" MODIFY ("END_DATE" CONSTRAINT "JHIST_END_DATE_NN" NOT NULL ENABLE);
 
  ALTER TABLE "SEBASTIANFILIPVIRTOPEANU"."JOB_HISTORY" MODIFY ("JOB_ID" CONSTRAINT "JHIST_JOB_NN" NOT NULL ENABLE);
 
  ALTER TABLE "SEBASTIANFILIPVIRTOPEANU"."JOB_HISTORY" MODIFY ("START_DATE" CONSTRAINT "JHIST_START_DATE_NN" NOT NULL ENABLE);
--------------------------------------------------------
--  Constraints for Table PROJECTS
--------------------------------------------------------

  ALTER TABLE "SEBASTIANFILIPVIRTOPEANU"."PROJECTS" ADD PRIMARY KEY ("PROJECT_ID")
  USING INDEX PCTFREE 10 INITRANS 2 MAXTRANS 255 
  STORAGE(INITIAL 65536 NEXT 1048576 MINEXTENTS 1 MAXEXTENTS 2147483645
  PCTINCREASE 0 FREELISTS 1 FREELIST GROUPS 1 BUFFER_POOL DEFAULT)
  TABLESPACE "USERS"  ENABLE;
--------------------------------------------------------
--  Constraints for Table LOCATIONS
--------------------------------------------------------

  ALTER TABLE "SEBASTIANFILIPVIRTOPEANU"."LOCATIONS" MODIFY ("CITY" CONSTRAINT "LOC_CITY_NN" NOT NULL ENABLE);
 
  ALTER TABLE "SEBASTIANFILIPVIRTOPEANU"."LOCATIONS" ADD CONSTRAINT "LOC_ID_PK" PRIMARY KEY ("LOCATION_ID")
  USING INDEX PCTFREE 10 INITRANS 2 MAXTRANS 255 
  STORAGE(INITIAL 65536 NEXT 1048576 MINEXTENTS 1 MAXEXTENTS 2147483645
  PCTINCREASE 0 FREELISTS 1 FREELIST GROUPS 1 BUFFER_POOL DEFAULT)
  TABLESPACE "USERS"  ENABLE;
--------------------------------------------------------
--  Constraints for Table COUNTRIES
--------------------------------------------------------

  ALTER TABLE "SEBASTIANFILIPVIRTOPEANU"."COUNTRIES" ADD CONSTRAINT "COUNTRY_C_ID_PK" PRIMARY KEY ("COUNTRY_ID")
  USING INDEX PCTFREE 10 INITRANS 2 MAXTRANS 255 
  STORAGE(INITIAL 65536 NEXT 1048576 MINEXTENTS 1 MAXEXTENTS 2147483645
  PCTINCREASE 0 FREELISTS 1 FREELIST GROUPS 1 BUFFER_POOL DEFAULT)
  TABLESPACE "USERS"  ENABLE;
 
  ALTER TABLE "SEBASTIANFILIPVIRTOPEANU"."COUNTRIES" MODIFY ("COUNTRY_ID" CONSTRAINT "COUNTRY_ID_NN" NOT NULL ENABLE);
--------------------------------------------------------
--  Constraints for Table EMP_SVI
--------------------------------------------------------

  ALTER TABLE "SEBASTIANFILIPVIRTOPEANU"."EMP_SVI" MODIFY ("LAST_NAME" NOT NULL ENABLE);
 
  ALTER TABLE "SEBASTIANFILIPVIRTOPEANU"."EMP_SVI" MODIFY ("EMAIL" NOT NULL ENABLE);
 
  ALTER TABLE "SEBASTIANFILIPVIRTOPEANU"."EMP_SVI" MODIFY ("HIRE_DATE" NOT NULL ENABLE);
 
  ALTER TABLE "SEBASTIANFILIPVIRTOPEANU"."EMP_SVI" MODIFY ("JOB_ID" NOT NULL ENABLE);
--------------------------------------------------------
--  Ref Constraints for Table COUNTRIES
--------------------------------------------------------

  ALTER TABLE "SEBASTIANFILIPVIRTOPEANU"."COUNTRIES" ADD CONSTRAINT "COUNTR_REG_FK" FOREIGN KEY ("REGION_ID")
	  REFERENCES "SEBASTIANFILIPVIRTOPEANU"."REGIONS" ("REGION_ID") ENABLE;
--------------------------------------------------------
--  Ref Constraints for Table DEPARTMENTS
--------------------------------------------------------

  ALTER TABLE "SEBASTIANFILIPVIRTOPEANU"."DEPARTMENTS" ADD CONSTRAINT "DEPT_LOC_FK" FOREIGN KEY ("LOCATION_ID")
	  REFERENCES "SEBASTIANFILIPVIRTOPEANU"."LOCATIONS" ("LOCATION_ID") ENABLE;
 
  ALTER TABLE "SEBASTIANFILIPVIRTOPEANU"."DEPARTMENTS" ADD CONSTRAINT "DEPT_MGR_FK" FOREIGN KEY ("MANAGER_ID")
	  REFERENCES "SEBASTIANFILIPVIRTOPEANU"."EMPLOYEES" ("EMPLOYEE_ID") ENABLE;
--------------------------------------------------------
--  Ref Constraints for Table EMPLOYEES
--------------------------------------------------------

  ALTER TABLE "SEBASTIANFILIPVIRTOPEANU"."EMPLOYEES" ADD CONSTRAINT "EMP_DEPT_FK" FOREIGN KEY ("DEPARTMENT_ID")
	  REFERENCES "SEBASTIANFILIPVIRTOPEANU"."DEPARTMENTS" ("DEPARTMENT_ID") ENABLE;
 
  ALTER TABLE "SEBASTIANFILIPVIRTOPEANU"."EMPLOYEES" ADD CONSTRAINT "EMP_JOB_FK" FOREIGN KEY ("JOB_ID")
	  REFERENCES "SEBASTIANFILIPVIRTOPEANU"."JOBS" ("JOB_ID") ENABLE;
 
  ALTER TABLE "SEBASTIANFILIPVIRTOPEANU"."EMPLOYEES" ADD CONSTRAINT "EMP_MANAGER_FK" FOREIGN KEY ("MANAGER_ID")
	  REFERENCES "SEBASTIANFILIPVIRTOPEANU"."EMPLOYEES" ("EMPLOYEE_ID") ENABLE;
--------------------------------------------------------
--  Ref Constraints for Table JOB_HISTORY
--------------------------------------------------------

  ALTER TABLE "SEBASTIANFILIPVIRTOPEANU"."JOB_HISTORY" ADD CONSTRAINT "JHIST_DEPT_FK" FOREIGN KEY ("DEPARTMENT_ID")
	  REFERENCES "SEBASTIANFILIPVIRTOPEANU"."DEPARTMENTS" ("DEPARTMENT_ID") ENABLE;
 
  ALTER TABLE "SEBASTIANFILIPVIRTOPEANU"."JOB_HISTORY" ADD CONSTRAINT "JHIST_EMP_FK" FOREIGN KEY ("EMPLOYEE_ID")
	  REFERENCES "SEBASTIANFILIPVIRTOPEANU"."EMPLOYEES" ("EMPLOYEE_ID") ENABLE;
 
  ALTER TABLE "SEBASTIANFILIPVIRTOPEANU"."JOB_HISTORY" ADD CONSTRAINT "JHIST_JOB_FK" FOREIGN KEY ("JOB_ID")
	  REFERENCES "SEBASTIANFILIPVIRTOPEANU"."JOBS" ("JOB_ID") ENABLE;
--------------------------------------------------------
--  Ref Constraints for Table LOCATIONS
--------------------------------------------------------

  ALTER TABLE "SEBASTIANFILIPVIRTOPEANU"."LOCATIONS" ADD CONSTRAINT "LOC_C_ID_FK" FOREIGN KEY ("COUNTRY_ID")
	  REFERENCES "SEBASTIANFILIPVIRTOPEANU"."COUNTRIES" ("COUNTRY_ID") ENABLE;
--------------------------------------------------------
--  Ref Constraints for Table PROJECTS
--------------------------------------------------------

  ALTER TABLE "SEBASTIANFILIPVIRTOPEANU"."PROJECTS" ADD FOREIGN KEY ("PROJECT_MANAGER")
	  REFERENCES "SEBASTIANFILIPVIRTOPEANU"."EMPLOYEES" ("EMPLOYEE_ID") ENABLE;
--------------------------------------------------------
--  Ref Constraints for Table WORKS_ON
--------------------------------------------------------

  ALTER TABLE "SEBASTIANFILIPVIRTOPEANU"."WORKS_ON" ADD FOREIGN KEY ("PROJECT_ID")
	  REFERENCES "SEBASTIANFILIPVIRTOPEANU"."PROJECTS" ("PROJECT_ID") ENABLE;
 
  ALTER TABLE "SEBASTIANFILIPVIRTOPEANU"."WORKS_ON" ADD FOREIGN KEY ("EMPLOYEE_ID")
	  REFERENCES "SEBASTIANFILIPVIRTOPEANU"."EMPLOYEES" ("EMPLOYEE_ID") ENABLE;
